track_id, type, traveled_d, avg_speed, lat, lon, speed, lon_acc, lat_acc, time
1, Motorcycle,16.71,37.601211,37.977308,23.737745,42.679,-1.2611,1.0544,11
2, Motorcycle,85.43,34.949723,37.97783,23.737376,48.5706,0.0859,-0.0327,11
3, Car,96.43,24.107865,37.977937,23.737331,33.6051,0.1202,-0.022,11
4, Car,82.84,23.297884,37.977833,23.737412,32.4377,0.3049,0.0101,11
5, Car,5.93,9.702687,37.977543,23.737679,9.8824,0,0,11
6, Car,31.71,35.678623,37.977419,23.737701,36.9824,0.084,0.3835,11
7, Car,11.68,30.027506,37.977247,23.73776,30.9107,0,0,11
8, Car,14.36,8.33881,37.977309,23.737834,15.4375,0.5734,-0.0094,11
9, Motorcycle,11.16,33.489804,37.97727,23.7378,34.6446,0,0,11
10, Taxi,241.25,12.232532,37.978814,23.736337,11.6036,-0.1174,0.0935,11
11, Car,80.17,24.879237,37.979494,23.735917,22.5556,-0.1394,-0.0059,11
12, Motorcycle,66.1,41.028759,37.977693,23.737486,44.211,0.1974,-0.0384,11
13, Motorcycle,113.51,24.917127,37.978885,23.736393,22.0875,-0.3398,0.0345,11
14, Car,109.68,16.05135,37.978892,23.73644,21.9057,-0.4197,-0.0301,11
15, Car,268.31,17.186862,37.979222,23.736251,25.183,0.4706,-0.0211,11
16, Car,10.88,7.254194,37.979199,23.737013,12.0078,0.3812,-0.0542,11
17, Car,31.31,4.942916,37.97929,23.737179,18.8345,0.3826,0.053,11
18, Car,4.39,0.797875,37.97942,23.737429,0,0,0,11
19, Motorcycle,51.66,30.993905,37.977572,23.737549,32.919,0.1174,-0.0445,11
20, Car,242.79,18.059074,37.978824,23.73631,15.3996,-0.0395,0.0287,11
21, Car,84.17,30.301855,37.977821,23.737341,31.5592,-0.0655,0.0493,11
22, Car,313.98,22.338459,37.979572,23.736067,15.5094,-0.0896,-0.2444,11
23, Motorcycle,130.04,23.644334,37.978819,23.736281,10.746,-0.4486,0.0592,11
24, Motorcycle,243.77,19.676868,37.978794,23.736276,13.8034,-0.0614,0.0801,11
25, Car,99.23,30.275025,37.977935,23.737241,33.4556,0.1203,-0.0042,11
26, Car,45.31,37.075344,37.977525,23.737619,38.8525,0.1151,0.2072,11
27, Motorcycle,271.95,21.853393,37.978685,23.736062,27.8076,0.494,0.0193,11
28, Motorcycle,291.17,23.190926,37.978576,23.735872,17.802,-0.1078,-0.0328,11
29, Motorcycle,249.01,22.079279,37.97877,23.736217,13.4848,-0.1811,-0.0064,11
30, Car,242.88,16.623173,37.97878,23.736282,5.8337,-0.3535,-0.0526,11
31, Car,247.01,18.760242,37.978751,23.736219,0.0016,0.002,0,11
32, Car,302.06,8.115052,37.978509,23.73573,19.9853,0.1326,0.0445,11
33, Medium Vehicle,167,22.433434,37.978621,23.735921,17.8467,-0.1769,0.0761,11
34, Car,418.88,25.558768,37.980363,23.73531,0,0,0,11
35, Car,254.02,16.687638,37.978718,23.73617,0.0005,0.0005,0,11
36, Taxi,260.24,12.729117,37.978696,23.736111,0.0003,0.0003,0,11
37, Taxi,272.73,17.045591,37.978648,23.736024,8.8623,0.8916,0,11
38, Motorcycle,112.78,9.902667,37.978058,23.737271,0.0003,0.0001,0,11
39, Car,107.11,38.557866,37.978008,23.737232,35.8648,-0.0894,-0.0057,11
40, Medium Vehicle,168.98,35.783169,37.978464,23.736822,41.9548,0.1784,0.0062,11
41, Car,138.68,33.283405,37.978232,23.737009,39.17,0.111,-0.0293,11
42, Car,187.66,40.211858,37.978632,23.736733,43.3134,-0.1051,0.0387,11
43, Motorcycle,145.4,33.990756,37.978276,23.736955,36.6476,-0.0755,0.0247,11
44, Motorcycle,120.87,30.643003,37.978106,23.73715,37.1069,-0.022,0.017,11
45, Motorcycle,115.56,25.366325,37.978069,23.737197,36.4741,-0.0281,0.0305,11
46, Car,141.7,28.983657,37.978289,23.737035,41.9208,0.1563,0.0659,11
47, Car,60.11,28.473033,37.979376,23.735709,25.6771,-0.2257,-0.0001,11.2
48, Motorcycle,98.44,28.580769,37.979588,23.736092,25.8667,-0.2584,0.0238,12.4
49, Car,319.63,25.684299,37.978465,23.735631,25.6565,0.0366,0.0415,12.6
50, Car,66.81,6.104292,37.977621,23.737411,5.3456,0.2867,0,14
51, Car,206.61,11.806151,37.978451,23.735607,30.4491,-0.064,-0.0547,17
52, Taxi,528.49,27.734096,37.980472,23.735254,18.2335,0.1055,-0.0041,17.4
53, Motorcycle,431.43,32.357091,37.980433,23.735207,24.7273,-0.4781,0.027,18.8
54, Motorcycle,201.55,25.370033,37.980414,23.735185,26.4348,-0.1618,0.0434,19.6
55, Motorcycle,431.06,41.940905,37.980432,23.73522,30.7903,-0.4322,0.0143,20
56, Car,152.05,17.657316,37.980467,23.735261,18.1228,0.0705,0.028,21
57, Taxi,432.78,36.745207,37.98042,23.735177,29.0861,-0.1538,0.0165,22.4
58, Motorcycle,134.46,6.576733,37.978445,23.735607,18.4302,-0.1279,-0.0132,24
59, Car,431.85,34.395137,37.980425,23.735195,31.1596,-0.1676,0.0012,24
60, Motorcycle,67.58,8.627708,37.977629,23.737404,11.9547,-0.2911,0.2497,24.6
61, Car,34.36,8.472783,37.980064,23.736944,17.9943,0.3001,0.0076,25.4
62, Car,341.62,22.119186,37.980463,23.735268,23.9738,0.0559,0.0015,25.4
63, Car,207.14,13.12888,37.978449,23.735601,23.3521,-0.1065,0.0019,25.8
64, Taxi,204.75,28.793313,37.980422,23.735184,32.81,-0.1258,0.0072,25.8
65, Car,431.53,32.774364,37.980448,23.735237,44.6073,0.0487,0.0323,26.2
66, Car,430.67,34.607522,37.980433,23.735214,36.54,-0.105,-0.0011,27.2
67, Car,432.87,35.41635,37.980454,23.735239,45.0026,0.0697,0.0087,27.4
68, Taxi,432.91,35.581798,37.980423,23.73519,32.0741,-0.013,0.0321,27.8
69, Car,168.66,18.288771,37.980456,23.735268,23.2014,0.5129,-0.0228,28
70, Medium Vehicle,116.21,16.215984,37.978092,23.737269,7.973,-0.1317,-0.0728,30
71, Taxi,252.71,18.050964,37.980054,23.736936,23.4038,0.5577,0.0086,31
72, Car,431.25,22.370322,37.980424,23.735218,33.4053,-0.0832,0.0186,31.2
73, Motorcycle,30.09,15.474122,37.977632,23.737412,13.5874,0.0423,-0.1547,31.8
74, Taxi,431.93,20.843664,37.980416,23.735182,30.8446,0.0736,0.005,31.8
75, Car,431.22,21.803495,37.980455,23.735266,22.228,0.8978,0.0052,32.4
76, Car,431.16,22.430308,37.980427,23.735215,36.02,-0.1168,-0.0289,32.8
77, Motorcycle,224.87,14.772487,37.980414,23.735193,28.648,0.0289,0.02,33
78, Taxi,409.66,15.556731,37.980459,23.735253,14.7683,0.4542,-0.0092,35.2
79, Car,203.16,26.693204,37.980426,23.735205,36.5168,0.2535,0.0344,35.6
80, Taxi,434.06,14.002072,37.980442,23.735235,15.7867,0.7637,0.0038,35.8
81, Car,116.74,22.355276,37.978084,23.737285,15.5554,-0.1752,-0.3437,36
82, Taxi,432.34,13.996646,37.980415,23.735177,34.8007,0.3151,0.0134,36
83, Car,236.29,15.410333,37.980043,23.736915,18.2506,0.2756,-0.0021,36.2
84, Motorcycle,67.56,5.961171,37.980447,23.735243,12.2827,1.2498,0,37.4
85, Car,114.53,25.451783,37.978081,23.737283,20.9747,-0.4471,-0.3022,38.2
86, Car,407.68,22.860758,37.980057,23.73694,16.9258,0.1064,-0.0068,38.8
87, Medium Vehicle,432.08,23.216014,37.980448,23.735246,3.2056,0.3262,0,39.4
88, Motorcycle,433.08,22.995303,37.980461,23.735272,19.1468,0.5901,0.0645,39.8
89, Taxi,193.34,11.082936,37.980068,23.736951,20.6477,0.157,-0.0119,45.2
90, Car,158.09,16.938526,37.978447,23.735608,24.5337,0.065,0.0058,47.4
91, Car,431.27,14.19175,37.980413,23.735183,12.8218,0.4629,0.0014,48
92, Car,189.01,11.853982,37.980041,23.736914,31.4779,-0.1247,-0.0129,54
93, Car,70.83,3.642846,37.977629,23.737422,0,0,0,59.8
94, Car,34.01,8.503722,37.980052,23.736928,18.4397,0.6119,-0.002,60
95, Motorcycle,147.75,40.916372,37.980459,23.735277,27.2308,0.5195,0.0618,60
96, Motorcycle,404.17,17.572613,37.980041,23.736897,8.4558,-0.0764,0.0026,62
97, Motorcycle,29.76,7.337413,37.980046,23.736909,15.3216,0.4736,-0.0105,62
98, Car,201.23,12.620943,37.978449,23.735601,33.5678,-0.1293,0.0357,62.4
99, Motorcycle,70.74,14.805515,37.980425,23.735228,18.8777,-0.1489,-0.1718,65.2
100, Taxi,431.16,35.276524,37.980419,23.735203,22.4366,-0.3156,-0.0532,66.2
101, Car,315.22,8.609939,37.978453,23.735611,24.644,0.1164,0.0035,66.2
102, Medium Vehicle,307.69,11.302978,37.980457,23.735272,12.3093,-0.1716,-0.024,66.6
103, Motorcycle,428.65,37.63728,37.980424,23.735223,29.1356,-0.249,0.0251,66.8
104, Motorcycle,427.51,39.062176,37.9804,23.73517,25.9965,0.2439,-0.0378,67
105, Car,73.93,11.880843,37.980057,23.736933,17.5154,0.2904,-0.0658,67.6
106, Car,202.87,13.375833,37.978449,23.735604,26.672,0.0176,0.0357,68.2
107, Motorcycle,435.64,22.468678,37.980408,23.735187,29.5391,-0.0345,-0.0839,68.8
108, Bus,432.68,20.93598,37.980425,23.735209,22.357,-0.1309,-0.0081,69
109, Motorcycle,434.16,22.521527,37.980408,23.735193,26.5418,-0.2891,0.0092,69.4
110, Motorcycle,123.85,12.385314,37.978477,23.735672,29.7988,-0.1438,0.0571,70
111, Motorcycle,525.89,17.693359,37.980449,23.735261,27.2958,0.0213,-0.028,70
112, Car,67.52,21.701757,37.977627,23.737411,11.0564,0.1647,0.0658,70.2
113, Motorcycle,150.56,18.311147,37.980453,23.735274,18.1047,0.186,-0.0417,70.4
114, Motorcycle,304.29,15.472454,37.978471,23.735654,31.6426,0.0483,0.033,70.8
115, Motorcycle,379.77,27.563804,37.980432,23.735218,23.403,-0.427,0.0228,71.6
116, Car,429.96,37.569567,37.980437,23.735245,26.345,-0.7264,0.0028,71.6
117, Car,203.41,13.661685,37.978448,23.735604,30.701,0.0268,0.0753,71.8
118, Motorcycle,430.32,38.923854,37.98042,23.735214,35.1546,-0.0672,-0.0417,72.2
119, Car,30.19,12.94053,37.977626,23.737417,10.3102,-0.1929,0.1099,73.4
120, Taxi,316.58,15.115358,37.978448,23.735605,27.9777,-0.0496,-0.0539,73.6
121, Car,496,12.958037,37.980454,23.735274,18.8949,-0.0314,-0.0811,74.2
122, Car,430.28,18.617792,37.980438,23.735245,26.2552,-0.1969,0.0045,74.4
123, Taxi,428.37,37.249581,37.980392,23.735193,35.8959,-0.0593,-0.0325,74.8
124, Car,318.83,15.468712,37.978443,23.735604,27.4255,-0.0392,0.0824,75.2
125, Motorcycle,429.1,40.866438,37.980422,23.735222,46.1217,0.1401,0.0113,75.6
126, Motorcycle,52.21,20.430974,37.977604,23.737423,17.16,-0.4485,0.2408,75.6
127, Car,68.95,4.324277,37.977624,23.737419,6.2015,-0.5077,0.5,76.2
128, Car,429.85,18.422077,37.980453,23.735271,18.2398,-0.1306,-0.0022,76.2
129, Medium Vehicle,430.3,18.663401,37.980438,23.73525,32.9298,0.2304,-0.0725,76.4
130, Taxi,428.03,20.545303,37.980413,23.735186,27.4424,-0.1074,0.0089,76.6
131, Car,33.38,11.781477,37.980048,23.736921,19.3196,0.3763,-0.0045,77
132, Car,315.47,15.557334,37.978447,23.735607,24.4199,-0.1359,0.0564,77.2
133, Motorcycle,432.96,40.589972,37.980444,23.735248,33.3367,0.0695,-0.0135,77.6
134, Taxi,430.25,23.976805,37.980413,23.735196,33.0541,0.0281,0.049,78.4
135, Car,303.62,11.529817,37.980455,23.73527,24.0349,-0.0406,-0.0321,78.8
136, Car,190.93,19.751231,37.980053,23.736932,20.4826,0.3737,-0.0003,79
137, Car,317.19,14.791304,37.978443,23.735604,23.4468,-0.0253,-0.0607,79.4
138, Car,431.05,18.741131,37.98044,23.73524,36.2758,0.1576,0.0106,79.6
139, Motorcycle,158.87,11.53085,37.978615,23.735988,10.1817,-0.3079,-0.013,79.6
140, Car,431.35,30.448037,37.980424,23.735218,35.7423,-0.0462,-0.0023,80.2
141, Motorcycle,67.88,24.934694,37.977628,23.737414,18.9301,0.0046,0.4968,80.6
142, Taxi,427.4,19.329615,37.980405,23.7352,16.2856,0.6927,-0.0124,80.6
143, Car,428.99,20.214361,37.980456,23.735269,22.7102,2.2448,0,80.8
144, Taxi,429.01,18.518593,37.980441,23.735242,8.9611,0.7207,0,82.4
145, Car,321.55,16.728112,37.978443,23.735599,21.0938,0.0263,0.0369,82.6
146, Motorcycle,430.29,20.489981,37.980453,23.73526,13.576,1.2362,0,83.2
147, Medium Vehicle,406.92,17.778062,37.980077,23.736966,15.2188,-0.0519,0.0055,83.2
148, Car,316.83,16.48234,37.978444,23.735599,18.9322,-0.0644,0.0122,84.4
149, Car,429.66,14.703286,37.980441,23.735241,5.8979,0.5942,0,85.8
150, Car,239.47,18.659843,37.978444,23.7356,16.2583,-0.2101,-0.0012,86.4
151, Motorcycle,314.73,19.074725,37.97844,23.735618,22.2287,0.0304,0.0063,88.2
152, Car,318.53,17.269672,37.978443,23.735601,19.6953,0.0164,0.0166,89.2
153, Medium Vehicle,313.96,10.563255,37.978443,23.735608,19.4412,-0.0349,-0.0885,91.4
154, Taxi,202.05,8.806038,37.978443,23.735608,13.23,0.3797,-0.0083,95
155, Car,320.99,11.37359,37.978444,23.735604,3.843,0.3407,0,99.8
156, Taxi,390.94,24.43384,37.980399,23.73517,2.825,-0.3028,0.031,106.2
157, Car,178.01,0.803872,37.980433,23.735218,29.0619,-0.3975,0.022,109.4
158, Car,429.01,29.140208,37.980456,23.735271,9.7286,-0.0435,0.0103,110
159, Motorcycle,430.76,30.406593,37.980446,23.735257,12.1743,-0.4979,0.0135,111
160, Motorcycle,496.37,29.390272,37.980424,23.735232,32.2612,-0.6236,-0.0485,111.2
161, Taxi,427.78,37.019091,37.980425,23.735218,27.1616,-0.3237,-0.0716,112.4
162, Car,429.62,31.56409,37.980406,23.735197,16.5048,-0.4142,-0.0496,113.8
163, Car,141.42,21.390758,37.980448,23.735278,14.8837,0.036,-0.0058,114
164, Taxi,429.72,36.658186,37.980426,23.735226,31.0669,-0.3226,0.0066,114.2
165, Motorcycle,386.17,27.152374,37.980438,23.735253,29.4879,-0.0929,-0.0167,115
166, Car,198.5,21.268337,37.980403,23.735197,23.0158,-0.0938,-0.045,116
167, Car,429.27,32.466173,37.980424,23.735228,36.8298,-0.0862,-0.0118,116.8
168, Car,26.85,15.105398,37.980451,23.735277,19.9467,0.2785,0.0479,117
169, Taxi,430.84,20.248233,37.980437,23.73525,34.5529,-0.2772,-0.0434,117.8
170, Motorcycle,426.23,51.838951,37.980426,23.735277,42.4922,-0.6127,0.0286,118.4
171, Car,425.68,20.597613,37.980408,23.735194,24.5204,-0.0238,-0.0541,118.4
172, Car,429.16,20.599853,37.98045,23.735277,18.5929,0.1266,-0.0121,119
173, Car,428.23,20.832641,37.980427,23.735244,26.3335,-0.2766,-0.0308,120.2
174, Motorcycle,426.41,19.284981,37.98041,23.73521,30.6635,0.0401,-0.0908,120.4
175, Taxi,438.2,18.691118,37.980405,23.735196,28.742,0.0014,0.002,121.6
176, Car,428.71,19.148327,37.980451,23.735273,19.4733,-0.1413,-0.0051,121.8
177, Car,429.84,20.798675,37.980434,23.735244,32.5761,0.6281,-0.2293,122.2
178, Taxi,199.7,13.462994,37.980422,23.735217,32.9547,0.2727,-0.0065,122.6
179, Taxi,430.51,14.063975,37.980411,23.735195,27.8521,0.0079,-0.0363,123.8
180, Taxi,427.3,14.060992,37.980424,23.73522,32.2782,0.1397,-0.0239,124.4
181, Car,431.82,15.421991,37.980441,23.735244,35.4944,-0.2474,-0.0058,124.6
182, Car,260.09,14.316718,37.980456,23.735268,18.3739,1.5728,0,124.8
183, Taxi,200.53,13.270618,37.980407,23.735182,28.0482,-0.0146,0.0052,125.2
184, Motorcycle,430.21,21.875195,37.980439,23.735243,42.0391,0.1659,-0.0139,126.2
185, Car,273.25,10.692245,37.978447,23.735609,16.8632,-0.1347,-0.1072,127.2
186, Motorcycle,69.76,16.96902,37.977619,23.737408,15.0164,-0.0913,0.1521,127.8
187, Car,211.71,14.885696,37.978453,23.735606,17.9626,0.0206,0.0747,129.4
188, Motorcycle,190.54,16.648724,37.978461,23.735665,19.5876,0.0317,-0.0156,130
189, Car,34.23,3.582614,37.979309,23.737155,6.5118,-0.4025,-0.3239,130.2
190, Car,28.95,2.180133,37.98004,23.736908,21.9114,0.7238,0.0092,130.6
191, Car,312.43,12.278895,37.978446,23.735611,18.9003,-0.0485,-0.0939,131.6
192, Car,136.36,12.272793,37.979802,23.736428,0.0004,0.0003,0,134.4
193, Medium Vehicle,221.38,10.165527,37.978448,23.735609,17.4599,0.0078,-0.006,135
194, Motorcycle,101.52,24.695055,37.979585,23.736087,28.3524,-0.0064,0.0134,137.4
195, Taxi,314.88,10.8786,37.978448,23.735609,17.9845,-0.0088,-0.0768,138.4
196, Taxi,203.83,10.079603,37.978455,23.735609,17.9595,-0.0233,-0.0053,141.8
197, Motorcycle,202.51,13.966549,37.978703,23.736553,5.3378,-0.7743,0.1878,143.2
198, Taxi,230.66,10.983616,37.978455,23.735617,20.0539,0.0232,-0.0041,144.8
199, Car,170.1,19.627235,37.978343,23.737786,21.29,0.217,-0.0008,146
200, Car,169.19,23.792557,37.978346,23.737787,17.0891,-0.4434,0.1554,150.6
201, Car,430.28,30.254188,37.98042,23.735221,29.8478,-0.0179,0.0202,156
202, Car,29.12,3.882926,37.980048,23.736924,19.7759,0.505,0.0068,156.2
203, Car,199.23,28.016733,37.980419,23.735217,30.0923,0.0102,0.086,157.4
204, Motorcycle,427.63,47.80994,37.980422,23.735247,51.9511,0.0173,0.053,157.4
205, Car,585.23,15.8407,37.980443,23.735272,33.855,-0.012,-0.0136,157.8
206, Car,429.18,33.014199,37.980436,23.735249,28.9486,-0.1669,0.0075,158.8
207, Motorcycle,181.9,11.40812,37.978494,23.7357,45.4655,0.4984,0.0005,159.6
208, Motorcycle,427.23,44.710538,37.980437,23.735273,40.148,-0.2394,0.0419,159.8
209, Motorcycle,429.75,43.458125,37.980428,23.735231,50.2495,-0.0028,-0.1174,160
210, Bus,427.54,17.293728,37.980404,23.735201,22.9707,-0.0014,0.0024,160.2
211, Car,71.57,24.773368,37.977625,23.737405,12.4016,-0.157,0.1645,160.8
212, Motorcycle,35.79,14.00514,37.977792,23.737465,8.0422,-0.5175,-0.0401,161.2
213, Motorcycle,194.86,15.943033,37.978471,23.735657,31.3,0.0532,-0.0233,161.2
214, Car,502.02,20.821115,37.980451,23.735272,39.4896,0.0139,0.0128,161.2
215, Motorcycle,70.73,24.962328,37.977641,23.737395,12.6309,-0.274,0.2795,162.8
216, Motorcycle,429.72,42.267986,37.980445,23.735268,48.7069,-0.0598,0.0309,162.8
217, Car,428.6,35.227438,37.98044,23.735241,38.9327,-0.0282,0.0372,162.8
218, Car,312.95,15.183505,37.978453,23.735619,28.8375,-0.0779,0.0153,163.2
219, Car,117.06,27.014314,37.978082,23.737284,19.2844,-0.0733,-0.2592,163.8
220, Car,428.98,38.998142,37.980429,23.735236,37.5189,0.0007,0.0273,163.8
221, Taxi,428.75,21.319078,37.980405,23.735194,26.428,0.0962,-0.0351,164
222, Car,430.09,25.891546,37.980441,23.735264,39.3069,-0.1043,0.0739,164.8
223, Motorcycle,27.09,21.197573,37.978465,23.735677,29.2915,0.7741,0.0345,165
224, Motorcycle,313.1,16.148297,37.978448,23.73563,26.521,0.025,0.0455,165.8
225, Motorcycle,304.64,16.46677,37.978477,23.735665,28.0062,-0.0641,0.0259,167
226, Taxi,147.94,8.935679,37.980449,23.735271,29.7397,0.6526,-0.0265,167.2
227, Car,159.71,17.317469,37.980331,23.735099,9.5386,0.7671,0,167.4
228, Medium Vehicle,429.18,18.091995,37.980422,23.735222,35.8042,0.3111,0.013,168.2
229, Motorcycle,306.23,17.225533,37.978466,23.735668,28.5575,0.0929,-0.0058,168.4
230, Car,72.63,14.36541,37.977628,23.737408,9.7452,0.8538,0,168.8
231, Taxi,430.86,25.851754,37.980437,23.735248,40.3381,-0.2325,-0.0426,169
232, Car,206.11,8.450983,37.978458,23.735618,26.6026,0.1088,0.0726,169.4
233, Motorcycle,211.98,16.031736,37.980413,23.735206,43.9965,0.6265,-0.011,169.6
234, Taxi,316.54,16.611439,37.978448,23.735618,21.5635,0.1033,0.0031,172.4
235, Car,69.47,16.240764,37.977622,23.737413,8.9466,-0.041,0.1083,174.2
236, Taxi,317.74,12.542301,37.978452,23.735616,21.5211,0.1023,0.0263,175
237, Motorcycle,68.27,18.341949,37.97763,23.73741,9.6531,-0.1036,0.1694,176.4
238, Motorcycle,148.94,17.992468,37.978458,23.735649,20.6837,0.1189,0.0307,176.6
239, Car,71.46,20.418447,37.977622,23.737408,15.1546,-0.3385,0.3521,179.6
240, Car,315.13,17.616213,37.978458,23.735614,20.412,-0.0078,-0.0012,179.8
241, Car,323.4,21.884445,37.978453,23.735614,24.8447,0.1252,-0.0094,182.2
242, Car,321.19,21.333604,37.978456,23.735618,20.0187,-0.0622,0.0167,184.4
243, Car,311.46,19.534269,37.978458,23.735622,21.8494,0.0625,-0.0161,187
244, Car,216.53,10.707764,37.978454,23.735615,19.9642,-0.0861,-0.0061,189.4
245, Taxi,312.96,9.357594,37.978454,23.735629,17.9157,-0.1091,0.0096,192.2
246, Taxi,321.57,9.894455,37.978458,23.735619,21.6922,0.1873,-0.0167,195
247, Car,311.69,12.523413,37.978454,23.735621,15.5655,-0.2068,-0.1086,198.2
248, Car,200.11,29.048075,37.980397,23.735199,28.7537,-0.414,-0.0057,199.6
249, Car,313.93,11.997367,37.978432,23.73564,4.3225,0.3833,0,199.8
250, Motorcycle,428.97,29.027838,37.980422,23.735251,29.5926,-0.0307,-0.0119,200.4
251, Car,317.71,12.596321,37.97846,23.735625,16.4115,-0.1167,0.3435,201.2
252, Taxi,191.36,16.884995,37.980051,23.736926,18.8234,-0.2089,0.0351,201.8
253, Car,155.1,25.612752,37.980446,23.735276,24.2437,0.4206,0.0121,202
254, Car,335.92,18.836711,37.98043,23.735255,22.313,-0.1867,-0.0222,202.6
255, Taxi,427.94,28.529403,37.980407,23.735201,29.0389,-0.437,-0.0105,202.8
256, Motorcycle,23.99,16.611151,37.980437,23.735275,19.0178,0.2917,-0.0537,203.2
257, Taxi,316.04,10.286932,37.978455,23.735617,19.6311,-0.0212,0.0075,204
258, Taxi,431.35,23.816662,37.980436,23.735256,22.9696,-0.4998,-0.0185,204.2
259, Taxi,500.2,13.766882,37.980399,23.735199,27.3512,-0.2315,0.0038,204.2
260, Car,190.57,17.151031,37.980057,23.736926,18.8349,-0.1527,0.0639,205.2
261, Motorcycle,428.95,32.716504,37.980413,23.735219,36.87,0.0207,0.0231,205.4
262, Car,139.43,21.635832,37.980444,23.735277,19.5803,0.223,-0.035,206
263, Car,430.04,39.900798,37.980431,23.735243,32.2686,-0.553,0.0219,206.4
264, Bus,427.94,14.784892,37.980406,23.735206,28.1395,-0.2486,-0.0181,207.6
265, Car,430.26,23.187887,37.980443,23.735279,26.4717,0.1877,0.0602,208.8
266, Car,85.89,6.692799,37.978344,23.737798,27.6428,0.2445,0.0171,209.6
267, Taxi,215.79,13.534016,37.978452,23.735619,16.8353,-0.1583,0.0667,209.8
268, Car,197.89,28.725655,37.980414,23.735214,27.3553,-0.3352,-0.0033,209.8
269, Taxi,82.3,21.161674,37.980393,23.735182,19.2365,0.1407,0.0825,210.4
270, Car,429.94,15.825943,37.980447,23.735273,25.5326,0.204,-0.024,210.4
271, Car,190.85,18.469318,37.98005,23.736931,25.4763,-0.2954,-0.0369,210.6
272, Taxi,428.76,41.051494,37.980423,23.735235,29.4525,-0.2999,-0.0867,211
273, Motorcycle,428.39,46.733098,37.980423,23.735258,41.1512,-0.2237,-0.0372,211.4
274, Taxi,199.82,27.668014,37.980404,23.735203,26.5317,-0.3289,0.1044,211.8
275, Car,428.18,13.98783,37.980442,23.735276,27.3545,0.2596,-0.0406,212.2
276, Car,427.72,38.303436,37.98043,23.735249,32.0504,-0.0744,-0.0011,213.4
277, Car,428.23,18.800196,37.980446,23.735276,26.8884,0.1762,-0.0365,213.6
278, Car,157.24,12.635129,37.978457,23.735616,25.4129,0.1273,-0.0194,213.6
279, Taxi,77.97,23.006125,37.980392,23.73519,29.3552,0.5664,0.1865,213.6
280, Car,428.34,18.445219,37.980423,23.735249,31.815,3.1039,0,214.8
281, Motorcycle,427.55,43.235378,37.980404,23.735238,46.6967,0.1576,-0.0162,215.2
282, Taxi,200.96,15.865528,37.980397,23.735212,31.8942,-0.0744,0.0124,215.6
283, Motorcycle,23.12,23.121583,37.980436,23.735281,28.2101,0.7737,-0.0823,216
284, Car,518.06,15.261975,37.980206,23.735162,0.001,0.0014,0,217.8
285, Motorcycle,35.85,12.652826,37.980051,23.736923,22.3146,0.4873,0.0245,219.2
286, Car,71.53,5.432788,37.977619,23.73741,10.2624,0.5024,0.0003,225.4
287, Motorcycle,61.02,21.121434,37.977606,23.737418,10.7777,-0.6735,0.2016,227.8
288, Car,308,10.764945,37.978461,23.735617,37.4122,0.0957,0.0202,232.4
289, Car,192.44,13.170478,37.980057,23.736933,19.4937,-0.1071,-0.0039,236.4
290, Motorcycle,22.98,10.886854,37.978599,23.735993,13.8235,0.2301,0.1632,239.8
291, Motorcycle,429.57,24.547098,37.980419,23.735228,24.3137,-0.517,-0.0157,241
292, Car,108.04,9.871435,37.977451,23.73706,29.795,-0.0428,0.0826,241
293, Motorcycle,200.71,32.256587,37.980409,23.735207,25.6027,-0.4301,0.0272,241.2
294, Motorcycle,34.9,21.661329,37.980445,23.735273,20.0231,-0.0003,-0.0215,242.2
295, Motorcycle,113.55,24.625267,37.978077,23.73728,11.3917,-0.7275,-0.2526,242.4
296, Car,204.95,28.377038,37.978457,23.735618,38.6716,-0.1382,0.0127,243.2
297, Motorcycle,30.88,15.882389,37.977655,23.737399,13.506,-0.33,0.2955,244.4
298, Car,426.1,18.004312,37.980446,23.735274,29.1304,-0.2631,0.1161,245.4
299, Taxi,207.09,11.576607,37.978451,23.735628,32.8891,-0.1167,0.0077,246
300, Car,429.53,19.280714,37.980434,23.735245,24.8633,-0.2505,0.001,246.4
301, Bus,101.36,16.146596,37.9804,23.735194,21.8978,0.1971,0.0654,246.4
302, Motorcycle,353.81,18.676352,37.980445,23.735271,35.8547,-0.2153,-0.0027,247
303, Car,427.35,20.458185,37.980418,23.735223,34.3316,-0.0566,0.1546,247
304, Medium Vehicle,118.57,11.001248,37.977389,23.737039,14.4231,-1.9168,2.2238,247.4
305, Motorcycle,429.45,25.344475,37.980426,23.735264,32.209,-0.373,0.0204,247.6
306, Motorcycle,380.25,40.499919,37.980414,23.735217,36.4719,-0.0271,0.0284,247.8
307, Motorcycle,25.19,18.890288,37.980448,23.73528,23.4907,0.5632,-0.056,248.8
308, Car,312.26,13.844003,37.978459,23.73562,40.6966,-0.1916,0.0043,249
309, Car,202.18,25.272225,37.980421,23.735227,32.921,-0.2552,0.0174,249.4
310, Motorcycle,423.04,36.609608,37.980404,23.735217,35.3585,-0.5309,0.0042,250
311, Car,29.24,9.930385,37.980045,23.736925,17.5016,0.4357,0.001,250.2
312, Car,337.04,20.564966,37.980445,23.735276,26.5216,0.0809,-0.0712,250.4
313, Car,427.72,20.864556,37.980421,23.735235,33.0609,-0.3066,-0.0174,250.8
314, Motorcycle,30.16,21.711956,37.978467,23.73566,24.943,0.2676,0.0348,251.2
315, Car,193.59,16.997821,37.980055,23.736937,17.5208,0.4321,0.0045,251.8
316, Motorcycle,427.24,34.178814,37.980418,23.735246,34.9209,-0.2424,0.0287,252
317, Medium Vehicle,69.4,16.222212,37.977627,23.737408,11.0404,0.0536,0.1576,252.2
318, Car,426.05,20.287975,37.980425,23.735233,38.3555,-0.3754,0.0222,252.8
319, Car,430.03,21.561598,37.980448,23.735273,27.5194,-0.1757,0.0118,253
320, Bus,423.39,19.148497,37.9804,23.735212,14.1872,-0.5682,-0.0066,253
321, Motorcycle,304.55,14.736102,37.978478,23.735678,28.7443,0.1969,-0.0082,253.2
322, Motorcycle,151.23,22.312568,37.98041,23.735229,40.05,-0.2206,0.0719,253.8
323, Motorcycle,425.35,37.347633,37.980432,23.735249,42.2728,-0.4319,-0.0008,254.2
324, Motorcycle,310.52,15.106178,37.97847,23.735663,22.9268,-0.2289,-0.0358,254.6
325, Car,427.38,21.979498,37.980434,23.735253,32.427,-0.1023,-0.0627,255.8
326, Motorcycle,71.1,18.820786,37.978083,23.737287,11.9889,-0.2247,-0.125,255.8
327, Motorcycle,36.13,19.127553,37.980445,23.735278,27.7597,0.5603,0.1015,256.2
328, Car,70.79,9.580222,37.977631,23.7374,9.5605,0.0457,0.165,256.2
329, Motorcycle,305.48,15.755377,37.978468,23.735653,26.1138,0.0699,0.0173,256.2
330, Taxi,426.92,18.974306,37.980418,23.735231,27.4768,-0.1291,0.0184,256.8
331, Car,276.65,13.948739,37.978453,23.735614,30.3629,0.1698,-0.0725,257
332, Bus,81.8,1.603828,37.980396,23.735195,13.9963,-0.0228,-0.0369,257.4
333, Car,43.57,17.047908,37.980448,23.735275,25.1988,0.6064,-0.0101,257.6
334, Car,428.57,22.104141,37.980437,23.73525,31.0156,0.282,0.0142,257.8
335, Taxi,424.2,18.760762,37.980417,23.735222,29.9958,-0.1167,0.0332,258.8
336, Car,405.45,12.803652,37.980053,23.73693,12.18,0.1602,-0.0028,259.4
337, Medium Vehicle,206.25,13.957045,37.978454,23.735617,29.5662,0.1594,-0.0301,259.6
338, Car,33.58,17.269695,37.980447,23.735276,23.8111,0.5431,0.0136,260.2
339, Motorcycle,68.37,16.4093,37.977619,23.737415,16.6317,-0.0901,0.1128,260.6
340, Motorcycle,307.69,17.146985,37.978464,23.735662,25.9774,0.1349,0.0397,261
341, Car,423.13,18.899295,37.980418,23.73523,14.1212,0.4921,0.0055,261.4
342, Motorcycle,192.35,16.103411,37.978465,23.735649,25.302,0.108,-0.0283,261.6
343, Car,77.79,6.764216,37.980399,23.735193,13.7194,1.3391,0,262.2
344, Taxi,425.05,20.790329,37.98044,23.735249,18.0227,0.6655,-0.0398,262.4
345, Car,424.74,21.237116,37.98045,23.735281,13.5903,0.1926,-0.0474,262.6
346, Car,31.66,11.630034,37.977628,23.737412,9.5728,-0.0915,0.0598,264.6
347, Car,214.91,8.913322,37.978445,23.735616,24.448,-0.0554,-0.0617,264.8
348, Taxi,422.73,21.019603,37.980421,23.735223,4.9155,0.4476,0,265
349, Taxi,422.97,19.033762,37.980405,23.735182,2.0059,0.1069,0,265.6
350, Car,311.11,10.707479,37.978452,23.73562,21.5081,0.1082,0.0211,267.6
351, Motorcycle,301.09,17.769422,37.978468,23.735669,19.6991,0.0578,0.0436,269.6
352, Motorcycle,312.17,20.139699,37.978483,23.735659,20.8361,0.12,0.0282,269.6
353, Motorcycle,113.85,19.704662,37.978071,23.737291,6.5565,-0.4963,-0.2116,270.6
354, Medium Vehicle,193.14,10.503277,37.980058,23.736939,24.8128,0.3797,-0.0006,271
355, Car,207.68,9.007679,37.978449,23.735611,18.3265,-0.1043,0.1158,271.8
356, Car,73.43,15.735548,37.977622,23.737405,11.7868,-0.1618,0.372,272.4
357, Taxi,310.31,4.925537,37.978447,23.735609,20.6444,0.1801,-0.0511,274.6
358, Motorcycle,67.09,15.888982,37.97762,23.737413,15.8764,-0.0306,0.9853,275.8
359, Car,320.01,12.576726,37.978454,23.735612,18.0727,0.1647,0.0436,277
360, Taxi,163.18,10.960063,37.978339,23.737773,15.7522,0.0567,0.0348,279.2
361, Car,217.29,10.542188,37.978448,23.735614,14.4659,-0.1121,0.1597,279.4
362, Car,69.47,9.47332,37.980333,23.735098,26.0686,0.2399,0.1203,281.2
363, Motorcycle,306.35,27.298217,37.978475,23.73566,16.2583,0.1103,0.0736,282.4
364, Car,61.26,4.358445,37.978447,23.735615,16.2117,0.1992,-0.0779,283.2
365, Car,202.61,10.215661,37.97845,23.735609,13.6328,0.1796,-0.0719,285.4
366, Motorcycle,124.74,26.109346,37.980424,23.735243,21.7458,0.0271,0.0521,287.8
367, Car,311.53,13.351279,37.97843,23.735619,11.479,1.0178,0,289.2
368, Motorcycle,200.5,30.074685,37.980409,23.735213,27.1652,-0.3012,-0.0088,290.6
369, Motorcycle,426.81,39.806087,37.980426,23.735235,35.283,-0.8503,-0.0133,291.6
370, Motorcycle,266.59,34.772594,37.980431,23.735256,26.254,-0.4313,0.0342,292.4
371, Car,442.29,23.69417,37.980445,23.735274,18.7518,-0.0388,0.1693,292.8
372, Motorcycle,425.03,34.002788,37.980432,23.735255,28.9793,-0.1166,-0.0004,294
373, Motorcycle,425.27,39.868602,37.980431,23.73527,42.5031,-0.2733,-0.0107,294.2
374, Car,200.22,26.306408,37.980403,23.735221,20.2592,-0.052,-0.0349,294.4
375, Motorcycle,50.13,9.916731,37.977628,23.737405,10.596,-0.1046,-0.1215,294.6
376, Car,139.21,13.47175,37.980445,23.73528,22.6524,0.2897,-0.0791,295.2
377, Taxi,201.25,24.982842,37.980393,23.735193,22.2625,-0.0528,0.0249,296.6
378, Car,424.68,31.984248,37.980424,23.735255,35.6046,-0.091,-0.1599,296.8
379, Car,336.87,22.211502,37.980449,23.735277,20.7266,-0.0448,-0.359,296.8
380, Taxi,422.69,29.954533,37.980415,23.735226,29.629,-0.0134,0.0504,296.8
381, Motorcycle,423.3,39.68478,37.980404,23.735205,25.0284,-0.0767,0.1888,297.4
382, Motorcycle,106.97,11.460887,37.978465,23.735691,17.6296,-0.4669,0.0334,297.6
383, Taxi,424.02,17.385873,37.980394,23.735186,18.1861,-0.0928,0.0384,298.6
384, Car,423.83,20.182309,37.980448,23.735278,25.0796,-0.2163,0.0903,299
385, Taxi,441.72,12.462255,37.980418,23.735225,24.7354,-0.1899,-0.0124,300.2
386, Car,423.42,31.108192,37.980432,23.735249,41.2468,-0.2117,0.0297,300.2
387, Car,421.42,7.488187,37.980399,23.735194,20.5951,-0.2519,0.0396,300.4
388, Car,193.42,17.320973,37.980054,23.736932,18.9112,0.0494,0.0425,300.8
389, Car,426.82,20.007289,37.980445,23.735274,27.9366,-0.0798,0.0421,301.2
390, Motorcycle,422.88,36.772365,37.980428,23.735259,39.7454,-0.2598,0.0018,301.2
391, Car,424.12,9.153601,37.980418,23.735223,25.5355,-0.0747,-0.013,302
392, Taxi,202.76,13.772639,37.980406,23.735191,22.3622,-0.0231,0.001,303
393, Motorcycle,424.02,38.161431,37.980426,23.735236,39.5285,-0.0752,0.0243,303.4
394, Motorcycle,195.43,20.938477,37.978467,23.735647,24.2953,0.3013,0.0185,303.8
395, Motorcycle,427.92,20.216674,37.980453,23.735272,42.881,0.3299,-0.0142,304.4
396, Car,424.55,32.518365,37.980437,23.735241,40.9167,0.1829,-0.0091,304.4
397, Motorcycle,424.39,48.348181,37.980426,23.735228,47.6565,-0.2345,-0.1372,304.6
398, Car,193.09,14.421854,37.980044,23.736924,20.4858,0.2301,-0.007,304.6
399, Taxi,425.4,7.521836,37.980408,23.735188,24.0115,0.0858,-0.0162,305
400, Car,423.98,7.548529,37.980426,23.735211,31.9928,0.086,0.0187,305
401, Motorcycle,196.49,20.327035,37.980074,23.736969,17.2901,-0.0205,-0.0056,305.6
402, Car,428.07,20.330666,37.980461,23.735264,46.2277,0.142,-0.0049,305.6
403, Motorcycle,426.97,24.872307,37.980445,23.735225,43.2206,0.0321,0.0251,306.6
404, Taxi,204.28,10.416605,37.98041,23.735166,15.2503,0.4402,-0.0163,306.6
405, Motorcycle,429.66,21.846964,37.980452,23.735236,11.9825,0.8798,0,309.2
406, Motorcycle,32.2,9.348665,37.980074,23.736966,16.1796,0.2127,-0.0108,316
407, Taxi,408.17,12.889488,37.980075,23.736957,19.9028,0.5358,0.0103,317.6
408, Car,66.43,8.990477,37.977628,23.737406,6.6966,0.5937,0,329.4
409, Motorcycle,429.51,36.640741,37.980456,23.735181,21.3991,-0.5194,0.0222,331.4
410, Car,192.92,13.671347,37.980057,23.736928,18.0788,0.0539,-0.0027,332
411, Car,433.12,34.044232,37.98048,23.735196,18.0596,-0.5619,-0.0358,333.6
412, Car,13.49,1.173464,37.978425,23.73562,7.9378,0.6964,0,333.8
413, Taxi,430.66,8.749306,37.980466,23.735155,21.721,0.0695,0.0097,334
414, Motorcycle,345.37,27.146738,37.980476,23.735175,13.3963,-0.1923,0.0232,334
415, Motorcycle,407.49,6.692299,37.980491,23.735231,34.2098,-0.1968,0.0367,334
416, Motorcycle,55.56,10.526944,37.980483,23.735258,17.5143,0.0417,0.0281,334
417, Taxi,433.59,34.080939,37.980506,23.735211,26.339,0.0482,-0.0079,335.6
418, Car,436.17,17.762604,37.980476,23.73517,23.12,-0.3808,-0.0387,337
419, Motorcycle,432.9,40.166128,37.980482,23.735198,33.5678,0.0989,0.0628,337
420, Bus,433.32,32.230411,37.980471,23.735164,24.6596,-0.2325,0.0574,338.8
421, Taxi,192.53,15.610428,37.980057,23.736923,23.3946,-0.0794,-0.0347,340.2
422, Car,165.64,22.934624,37.978345,23.737781,19.8386,0.0872,-0.0051,340.4
423, Medium Vehicle,88,23.641131,37.980455,23.735141,27.8808,0.4375,0.0096,341.6
424, Medium Vehicle,431.19,14.755499,37.980481,23.735174,25.3878,-0.1986,0.0378,341.6
425, Car,215.08,15.362715,37.978453,23.735597,27.7358,-0.149,0.0335,343
426, Car,148.28,15.886962,37.980504,23.735226,27.682,0.2677,0.0389,343.6
427, Car,431.65,39.439836,37.980493,23.735195,38.4288,-0.1222,0.0009,343.6
428, Motorcycle,306.55,15.413008,37.978471,23.735661,28.2666,-0.0781,0.0246,344.4
429, Car,216.03,15.430364,37.978449,23.735601,27.4391,0.0654,0.085,344.6
430, Car,209,13.246408,37.980476,23.735168,29.9148,-0.0494,-0.0388,345
431, Bus,431.49,8.107353,37.980448,23.735119,13.7273,1.3399,0,345.2
432, Car,433.68,10.20424,37.980489,23.735204,47.1519,-0.0491,0.021,346
433, Motorcycle,301.66,14.214201,37.978466,23.735652,29.3607,-0.0624,0.0217,346.2
434, Motorcycle,309.9,16.454688,37.978477,23.735627,30.8918,0.3454,0.0292,346.6
435, Motorcycle,432.77,41.216387,37.980479,23.735188,40.8233,-0.1692,0.0394,346.6
436, Taxi,429.23,9.132632,37.980471,23.735174,29.6963,-0.2413,-0.0736,347
437, Car,433.76,21.568181,37.980499,23.735199,35.6599,-0.3229,-0.091,347.4
438, Taxi,432.81,19.331536,37.980462,23.735148,25.3241,-0.3856,0.1529,347.8
439, Car,70.31,18.080433,37.977633,23.737406,11.5117,0.1403,-0.0822,347.8
440, Motorcycle,430.26,20.819066,37.980468,23.735202,34.4181,-0.1545,-0.0054,348.6
441, Motorcycle,238.6,18.91997,37.9805,23.73523,35.3134,-0.0424,-0.0238,348.6
442, Taxi,210.09,14.006113,37.980466,23.735152,32.3066,-0.0843,-0.0401,350
443, Car,34.99,3.314547,37.980481,23.735247,25.4557,0.2692,-0.0473,350.8
444, Car,71.73,18.444944,37.977628,23.7374,10.2701,0.0456,0.1827,351.2
445, Car,431.39,10.137188,37.980492,23.735194,17.5886,0.4971,-0.0081,351.8
446, Motorcycle,342.77,14.690241,37.980473,23.735242,19.4437,0.727,-0.0018,353
447, Motorcycle,304.59,18.712298,37.978473,23.735641,33.0011,0.1794,0.0038,353.8
448, Car,65.34,21.000827,37.977631,23.737405,13.5224,-0.2817,0.1748,354.6
449, Motorcycle,197.09,22.453407,37.980084,23.736973,25.8988,0.027,0.0019,355.4
450, Car,314.47,17.969665,37.978451,23.735603,36.3099,-0.1505,-0.1024,355.6
451, Car,37.34,10.668297,37.977623,23.737409,10.1771,0.0227,0.2119,357.2
452, Motorcycle,52.65,18.226473,37.978464,23.735642,25.5165,0.2702,0.0419,358.2
453, Car,216.38,20.499211,37.978447,23.735593,22.9107,-0.1283,-0.0571,361.2
454, Taxi,316.53,7.130817,37.978451,23.735592,28.0187,0.0733,-0.0927,365.4
455, Motorcycle,301.89,22.270508,37.978467,23.735653,25.5077,0.0306,-0.0178,367
456, Motorcycle,189.42,9.523917,37.980066,23.736925,24.579,0.1677,0.0006,367.8
457, Taxi,315.14,18.417229,37.978449,23.735595,26.3249,-0.0847,0.0281,368.6
458, Car,164.7,4.181277,37.978342,23.737788,19.2981,-0.0058,-0.0098,371.6
459, Car,227.26,7.689168,37.979801,23.736461,11.6341,-0.1456,0.0269,372.2
460, Car,313.06,7.346891,37.978447,23.735597,21.4032,-0.1072,-0.0122,373.6
461, Taxi,314.97,2.096673,37.978449,23.735603,17.4335,0.0391,-0.133,376.8
462, Motorcycle,38.26,10.280006,37.980483,23.735242,14.3702,0.0081,0.0204,377.2
463, Motorcycle,258.53,23.863861,37.980461,23.735169,26.799,-0.0827,0.0677,377.4
464, Motorcycle,431.15,36.265317,37.980459,23.735158,28.6609,-0.3168,-0.0686,377.6
465, Taxi,191.87,14.572165,37.980052,23.736928,17.7286,-0.1798,-0.031,377.8
466, Taxi,432.18,27.391723,37.980497,23.735232,17.1673,0.2235,0.0156,380.4
467, Car,316.39,7.603441,37.978448,23.735596,19.2232,0.2446,-0.0063,380.8
468, Car,412.51,22.707233,37.980487,23.735206,17.2966,-0.0204,-0.027,381.2
469, Taxi,429.73,11.242933,37.980457,23.735158,30.3168,-0.1498,-0.0314,381.6
470, Taxi,429.97,11.870228,37.980464,23.735181,26.4542,-0.0747,-0.0155,382.4
471, Car,429.76,10.864768,37.980462,23.735165,25.8459,-0.2587,0.0058,383.4
472, Medium Vehicle,529.87,15.584321,37.980499,23.735229,14.4505,0.0821,-0.017,383.4
473, Car,430.46,13.405281,37.980479,23.735202,22.215,-0.1552,-0.0356,384.6
474, Car,428.54,12.856109,37.980475,23.735211,24.4974,-0.0597,0.0892,386.8
475, Taxi,427.47,10.731542,37.980454,23.735175,19.5477,0.0883,0.0001,387.2
476, Car,430.21,12.715576,37.980479,23.735207,23.1684,-0.2013,-0.0841,388.4
477, Car,60.69,1.835951,37.977621,23.737409,8.7268,0.0732,0.0701,388.6
478, Car,427.92,11.960545,37.980489,23.735239,11.0061,-0.277,-0.0436,389
479, Taxi,429.83,11.582121,37.980458,23.735175,17.7241,-0.0033,-0.0591,389.2
480, Motorcycle,29.18,18.112616,37.977645,23.737403,19.8507,-0.0823,0.4832,390.8
481, Car,423.5,12.374871,37.980449,23.73524,24.9239,-0.2657,-0.025,391.4
482, Car,30.4,2.911111,37.98049,23.735235,14.8841,0.4774,0.0008,391.6
483, Taxi,430.55,11.071384,37.98047,23.73518,20.781,0.8181,0.0063,391.8
484, Car,60.07,1.814279,37.977624,23.737404,5.3979,-0.3268,0.3506,392
485, Motorcycle,206.85,13.739408,37.980447,23.735162,18.6265,0.4812,0.016,392.2
486, Taxi,431.23,17.926213,37.980482,23.735208,24.063,-0.3242,0.0136,392.6
487, Motorcycle,207.04,13.168884,37.980458,23.735166,16.3948,0.4058,-0.0003,393.2
488, Motorcycle,150.19,17.329612,37.978455,23.735631,29.6911,0.2373,-0.0181,393.8
489, Taxi,432.35,13.822891,37.980496,23.735237,15.3639,0.4077,-0.0175,394
490, Car,430.87,11.000876,37.980467,23.735178,12.3712,0.1837,-0.0705,395.2
491, Car,429.99,14.412947,37.980481,23.735205,18.5616,0.3711,0.0519,395.4
492, Motorcycle,149.09,17.203225,37.978457,23.735633,26.2852,-0.0774,-0.0348,396
493, Motorcycle,430.82,19.3871,37.98047,23.735192,17.9259,0.7212,-0.0015,396.2
494, Taxi,207.51,8.227279,37.980452,23.735155,17.3014,0.6172,-0.0033,396.6
495, Taxi,206.48,18.308458,37.978449,23.735592,28.9142,0.1278,0.0014,397.6
496, Car,431.62,13.948339,37.9805,23.735235,6.5398,0.3389,0,397.6
497, Car,432.19,13.529282,37.980485,23.735204,12.1394,0.4088,-0.0018,397.8
498, Medium Vehicle,255.83,13.912339,37.980078,23.736957,29.8666,-0.002,-0.0241,398.6
499, Motorcycle,30,5.684027,37.977632,23.737397,10.3523,0.0163,0.1348,398.8
500, Car,196.44,23.891849,37.980073,23.736951,31.4391,-0.0614,0.0113,405.4
501, Car,207.71,21.364128,37.978451,23.735595,30.7683,0.2664,0.0613,408
502, Car,39.19,3.598903,37.977627,23.737408,4.362,0.4207,0,409.6
503, Motorcycle,199.77,25.684243,37.978472,23.735646,25.467,0.2424,-0.0214,410.4
504, Car,40.41,6.112291,37.977641,23.737394,10.3386,0.9166,0,413.4
505, Motorcycle,194.58,29.432775,37.978468,23.73565,34.7574,-0.0452,0.034,414.6
506, Motorcycle,148.38,26.977688,37.978473,23.735636,37.5951,0.0683,0.0233,415.2
507, Motorcycle,205.47,15.605654,37.978767,23.736528,26.8303,-0.3141,0.0556,417.2
508, Motorcycle,84.66,19.790516,37.978355,23.737784,21.8153,-0.0048,0.3331,417.8
509, Motorcycle,432.83,35.094477,37.980467,23.735203,25.8812,0.8382,0.0746,421
510, Motorcycle,336.44,40.106019,37.980444,23.735156,18.9739,-0.0729,-0.1373,422.6
511, Motorcycle,129.88,28.165759,37.980485,23.735223,23.2774,0.1382,0.0242,424
512, Car,208.21,11.391392,37.980452,23.735163,9.8838,0.0306,0.0004,424.4
513, Motorcycle,236.21,27.789804,37.980463,23.735193,27.2423,-0.1113,0.0157,426.2
514, Motorcycle,138.6,16.743577,37.980487,23.735222,21.1101,0.257,-0.0011,428.6
515, Car,430.86,13.630117,37.980478,23.735202,11.601,-0.2075,0.048,429
516, Car,428.51,14.100734,37.980449,23.735155,18.9574,-0.2948,0.0096,429.2
517, Car,230.1,22.509868,37.980463,23.735184,32.8437,-0.0438,-0.1155,430
518, Car,142.91,7.067112,37.980494,23.735243,14.7313,0.0889,-0.065,430.6
519, Car,314.05,13.427396,37.978449,23.735595,24.9475,0.0959,0.0051,431.2
520, Motorcycle,211.43,15.284334,37.980458,23.735175,33.6963,0.2428,0.0023,431.2
521, Motorcycle,108.73,21.74623,37.978081,23.737278,19.1145,-0.4088,-0.5537,431.6
522, Motorcycle,382.43,27.982717,37.980463,23.735189,37.858,-0.0105,-0.0651,432
523, Car,206.98,12.418743,37.980446,23.735163,22.404,-0.3077,-0.0585,432.4
524, Car,184.4,9.620811,37.980058,23.736919,21.292,-0.1922,-0.0219,432.4
525, Motorcycle,307.58,14.087521,37.978466,23.735626,24.405,-0.0278,-0.011,433
526, Taxi,429.25,16.870143,37.980495,23.73524,17.9142,0.1385,-0.0496,433.4
527, Car,428.66,13.827727,37.980477,23.735207,23.0457,-0.1304,-0.0045,433.4
528, Car,209.94,15.361506,37.978452,23.735596,21.6894,-0.1692,-0.0016,433.8
529, Taxi,206.32,11.253879,37.980461,23.735186,33.0598,-0.0372,-0.0007,435
530, Car,279.43,12.388525,37.978448,23.7356,21.8215,-0.0966,-0.0206,435.6
531, Car,429.17,13.844045,37.980478,23.735213,24.3219,0.0557,-0.0084,435.8
532, Motorcycle,502.46,25.840554,37.98047,23.735192,38.7889,0.243,-0.0817,435.8
533, Motorcycle,412.46,14.730652,37.980467,23.7352,38.3532,-0.0014,-0.0292,436.6
534, Bus,427.68,9.014342,37.980442,23.735161,19.9119,0.0201,0.0363,437
535, Car,31.45,0.640363,37.977622,23.73741,7.5436,0.1319,0.0566,437.2
536, Taxi,159.97,19.587818,37.980489,23.735239,19.9946,0.2503,-0.0113,437.6
537, Motorcycle,427.89,17.192208,37.980469,23.73519,42.1214,-0.0373,0.0068,437.8
538, Car,216.64,15.916079,37.978445,23.735593,22.259,0.1051,-0.0419,438.6
539, Taxi,429.11,18.434302,37.980479,23.735212,35.5227,-0.1406,-0.0329,439
540, Car,34.54,10.906162,37.977633,23.737397,10.6741,0.1823,0.0454,439.4
541, Car,431.5,17.18357,37.980494,23.735236,17.0368,0.3344,0.0447,439.6
542, Motorcycle,274.25,16.027449,37.978464,23.735636,23.1395,0.3892,-0.0099,441
543, Motorcycle,268.45,11.342997,37.978608,23.735984,4.147,-0.6022,0.6606,441
544, Car,428.99,14.220809,37.980481,23.735212,23.143,0.6875,-0.0214,441.6
545, Taxi,413.2,13.646832,37.980082,23.736954,27.521,0.0917,0.0047,441.8
546, Motorcycle,430.22,19.408517,37.980468,23.735218,16.4363,0.524,-0.0409,443
547, Car,36.1,10.314068,37.977631,23.737404,13.1725,0.1672,0.115,443.4
548, Motorcycle,102.65,20.082793,37.978081,23.737282,19.643,-0.1852,-0.314,443.6
549, Bus,428.12,6.459453,37.98046,23.735181,11.9983,0.4036,0.0054,443.6
550, Motorcycle,160.42,11.063678,37.980482,23.735259,14.7227,0.4927,0.0047,443.8
551, Motorcycle,340.1,14.105678,37.980484,23.735241,11.286,0.3643,-0.0104,443.8
552, Car,209.25,12.268538,37.980483,23.735208,12.8666,0.448,-0.0203,444
553, Car,314.03,9.000917,37.978447,23.735601,17.9549,-0.0061,0.0217,444.2
554, Motorcycle,430.47,18.806795,37.980494,23.73525,16.7916,0.4245,0.0194,445.6
555, Car,429.04,18.214032,37.980499,23.735234,5.4648,0.3537,0,446.2
556, Car,311.26,11.433945,37.978448,23.735592,19.8239,0.09,-0.0336,447.4
557, Car,228.65,19.598241,37.978445,23.735595,18.1276,0.0067,-0.0387,449.2
558, Taxi,310.74,11.391746,37.978444,23.735596,16.9729,-0.0164,-0.0465,451.2
559, Car,86.08,5.199713,37.980389,23.735053,18.9166,0.0441,-0.0695,453.4
560, Car,312.97,10.730349,37.978443,23.735594,16.9843,0.1071,0.0223,454.2
561, Motorcycle,212.3,21.83637,37.978444,23.735609,17.156,0.0259,0.0755,456
562, Car,31.27,1.996271,37.977638,23.737403,7.4838,0.7305,0,456.6
563, Taxi,314.01,10.766091,37.978444,23.735597,16.4579,0.0664,-0.0383,457.6
564, Motorcycle,98.95,13.492547,37.978198,23.736968,9.8024,-0.2525,0.0471,458.8
565, Car,315.82,11.279201,37.978442,23.735596,16.7206,-0.0752,0.0182,461.4
566, Car,166.53,7.588779,37.978343,23.737785,17.2624,0.0201,-0.0081,462
567, Motorcycle,249.59,11.175774,37.980057,23.736921,29.0615,0.1002,0.0041,463.4
568, Taxi,317.94,11.355175,37.978442,23.735598,18.0668,0.0317,0.049,464
569, Motorcycle,15.54,17.479848,37.979917,23.734908,14.8682,-0.2797,0.3045,464.8
570, Motorcycle,74.27,24.306472,37.980057,23.736926,23.1396,-0.4164,-0.0245,466.2
571, Motorcycle,162.55,10.958615,37.978347,23.737776,19.4257,-0.2443,0.3278,466.4
572, Motorcycle,428.43,25.705593,37.980439,23.735166,22.4736,-0.019,-0.0212,466.4
573, Car,204.69,18.514271,37.98044,23.735153,18.9993,0.6437,-0.0071,467.4
574, Car,308.84,11.415007,37.978464,23.735628,17.2667,0.8386,-0.0033,468
575, Motorcycle,113,7.67564,37.978083,23.737285,14.623,-0.1681,-0.25,469.8
576, Motorcycle,193.7,13.256706,37.978469,23.735637,17.4101,0.0539,0.0211,470
577, Car,162.49,21.041354,37.980495,23.735237,14.2777,0.2287,-0.0265,470.4
578, Car,429.31,11.533649,37.980446,23.735152,16.8496,0.2107,-0.0021,470.4
579, Car,216.77,13.181673,37.978446,23.735595,17.9232,0.4024,-0.0222,471.6
580, Motorcycle,431.82,27.562975,37.980443,23.735144,16.9958,-0.0315,-0.1086,471.8
581, Motorcycle,65.78,7.841676,37.977622,23.737444,8.5346,0.2559,0.0177,472.8
582, Bus,427.7,19.294663,37.980479,23.735214,12.9428,-0.1274,-0.0394,473.2
583, Car,163.28,11.347741,37.978442,23.735595,14.948,0.3928,-0.0076,473.4
584, Motorcycle,429.57,25.947203,37.980446,23.735164,17.3263,-0.2622,-0.0005,473.6
585, Car,110.58,6.259277,37.978087,23.737275,17.7026,0.2123,-0.1576,474.8
586, Car,427.88,7.245458,37.980465,23.735181,13.4878,0.0541,0.0083,475.2
587, Taxi,429.55,7.349673,37.980447,23.735151,15.6689,-0.0786,0.002,475.2
588, Medium Vehicle,162.8,7.51389,37.97834,23.737789,15.2988,0.1589,-0.0059,476
589, Motorcycle,430.75,32.71546,37.980496,23.735226,34.0424,0.4458,0.0302,476
590, Motorcycle,110.52,11.701679,37.978078,23.737281,15.728,0.1034,-0.2209,477.4
591, Taxi,206.93,21.78242,37.980452,23.735163,19.0807,-0.0016,0.0589,477.8
592, Car,428.71,20.307331,37.980497,23.735239,23.6028,-0.3017,0.0235,478
593, Car,428.86,18.078459,37.98048,23.735212,16.7864,-0.1116,-0.0367,479
594, Motorcycle,289.78,25.444163,37.980494,23.73524,26.3367,0.0401,0.0537,479.2
595, Car,188.37,18.229123,37.98004,23.736904,15.8166,-0.2393,-0.0119,479.4
596, Car,127.44,7.376092,37.978349,23.737784,19.5321,0.0972,0.0103,479.4
597, Car,429.11,7.252543,37.980466,23.73518,18.544,-0.0526,-0.0073,479.4
598, Car,432.29,20.585461,37.980494,23.735231,30.3582,0.0719,0.0178,481
599, Car,430.6,13.294805,37.980476,23.735203,16.4166,-0.1908,-0.0215,481
600, Car,430.31,12.236317,37.980465,23.735175,21.9167,-0.0798,-0.0278,481.4
601, Car,208.05,13.32697,37.980449,23.73515,20.6239,-0.1244,0.0153,481.8
602, Car,163.36,4.909113,37.978346,23.737783,32.0226,2.4955,0,482.2
603, Motorcycle,33.45,15.438042,37.978466,23.735632,21.7009,0.2406,-0.0555,482.6
604, Car,430.55,13.385069,37.980479,23.735203,25.1686,0.1307,-0.0187,483.8
605, Car,206.63,12.194838,37.980449,23.735153,20.2282,0.7415,-0.0135,484
606, Car,189.91,15.467383,37.980047,23.736922,18.3669,-0.0199,-0.0056,484.4
607, Car,65.92,6.741561,37.977633,23.737401,8.4127,0.3091,0.011,485.2
608, Car,146.15,10.236378,37.980496,23.735234,30.6286,0.992,0.0298,485.4
609, Taxi,160.37,2.783689,37.978341,23.737771,14.8589,1.5093,0,485.6
610, Taxi,425.79,7.096562,37.98045,23.73516,9.8481,0.8697,0,486.2
611, Car,432.12,14.565916,37.980481,23.735207,29.3399,0.9525,0.013,487
612, Motorcycle,138.1,27.620449,37.980486,23.735235,22.1296,0.5177,0.0202,487
613, Motorcycle,453.25,22.852879,37.979877,23.734822,22.1748,0.2229,-0.0253,487.6
614, Motorcycle,430.17,18.435971,37.980472,23.735193,28.8006,0.7695,-0.066,487.6
615, Car,78.19,7.143814,37.977804,23.737301,17.0191,0.5378,0.0101,488.4
616, Bus,430.89,7.771524,37.980469,23.735174,16.3284,0.5852,0.0232,489
617, Motorcycle,46.92,8.044254,37.977802,23.737333,2.5115,-0.1421,0.0355,490.2
618, Car,159.69,2.782567,37.978348,23.737797,5.1382,0.5224,0,490.2
619, Taxi,406.49,7.550872,37.980077,23.736957,30.4522,-0.0079,-0.0044,493.8
620, Car,213.76,19.531152,37.978452,23.735595,37.5015,0.2114,-0.0142,493.8
621, Car,84.95,6.887526,37.980446,23.735144,0,0,0,494.8
622, Motorcycle,65.86,11.399597,37.977621,23.737409,11.3936,0.087,0.1635,496.6
623, Motorcycle,178.29,17.16147,37.978562,23.736694,29.0044,-0.316,0.0985,499.2
624, Car,192.72,12.992082,37.980051,23.736936,19.1635,-0.4712,-0.033,506.8
625, Motorcycle,429.84,32.238302,37.980477,23.735216,32.1116,0.8037,-0.0023,509.6
626, Motorcycle,41.29,12.388157,37.97775,23.737349,6.6568,-0.0016,0.0528,510
627, Taxi,305.64,5.654199,37.97845,23.7356,21.9855,-0.0855,-0.0011,510.2
628, Taxi,252.05,11.285908,37.980058,23.736935,26.1144,-0.0286,0.0019,511
629, Motorcycle,194,13.534839,37.978459,23.73563,33.9579,0.4767,-0.0193,512.6
630, Motorcycle,52.56,22.003926,37.977616,23.737422,12.5668,-0.4607,0.1665,514.4
631, Car,32.88,12.593626,37.980055,23.736939,18.4128,0.3554,0.0122,515.6
632, Medium Vehicle,429.8,18.07562,37.980477,23.735208,25.6186,-0.0467,-0.0217,516.6
633, Taxi,431.87,19.68033,37.980495,23.735237,22.0967,0.1971,0.037,517.2
634, Car,234.79,11.972077,37.980054,23.73693,20.0894,0.4278,-0.0029,517.4
635, Car,427.62,17.776471,37.980469,23.735215,26.8309,-0.1407,0.1513,519
636, Medium Vehicle,650.62,11.770045,37.98049,23.735237,22.9336,0.0521,-0.0132,520
637, Car,429.41,20.128598,37.980475,23.735213,28.753,-0.1442,-0.0408,520.6
638, Car,427.93,8.14245,37.980454,23.735191,16.8216,-0.2235,-0.0253,520.8
639, Motorcycle,270.56,13.874791,37.978471,23.73564,46.108,0.1314,-0.0045,520.8
640, Motorcycle,501.79,28.137775,37.980473,23.735204,28.0623,-0.2101,0.0212,521.8
641, Taxi,341.94,23.138618,37.98049,23.735242,23.1609,0.045,-0.0401,522
642, Car,64.45,2.974767,37.977632,23.737388,6.8668,0.2176,0.07,522.4
643, Motorcycle,429.19,22.588931,37.980461,23.735203,30.6335,-0.0522,-0.0181,522.4
644, Taxi,220.27,14.905498,37.97845,23.735592,34.6255,-0.0733,0.0472,522.8
645, Taxi,427.64,16.239655,37.980444,23.735156,21.4356,-0.034,0.0152,523.2
646, Car,428.43,17.769178,37.980477,23.735214,33.7779,0.1635,0.0036,523.6
647, Car,430.02,17.393993,37.980495,23.735239,20.607,-0.1712,0.0435,523.6
648, Car,428.83,8.220465,37.980462,23.735189,36.0596,0.1545,-0.0489,523.8
649, Taxi,164.58,3.69837,37.978344,23.737787,12.5101,-0.0679,-0.0032,524.4
650, Car,204.99,27.331462,37.980442,23.73516,22.5575,-0.5477,0.0067,524.8
651, Car,191.92,14.334179,37.980056,23.736939,10.1165,-0.4212,-0.0189,524.8
652, Car,428.59,8.847029,37.980481,23.735212,35.0291,0.1451,-0.0636,525
653, Motorcycle,429.13,23.336487,37.980462,23.735201,38.4557,0.015,0.0171,525.6
654, Taxi,431.04,16.614043,37.980496,23.735233,26.6648,-0.1715,-0.0084,526.4
655, Taxi,204.59,13.844225,37.980445,23.735162,21.4999,-0.1546,0.0499,526.8
656, Motorcycle,16.65,3.568331,37.977611,23.737414,11.1319,0.9868,0,527.2
657, Car,313.51,11.683503,37.978444,23.735595,26.0403,-0.0075,0.0491,527.6
658, Car,428.73,9.996281,37.98048,23.735212,34.0749,0.0171,0.0082,527.8
659, Car,85.56,6.363811,37.980444,23.735163,24.641,0.0372,0.0565,528.8
660, Car,429.56,16.699943,37.980485,23.735239,30.7716,-0.1444,0.0473,529
661, Motorcycle,207.39,28.937829,37.980458,23.735182,53.2581,0.3929,0.0169,529.2
662, Car,217.99,16.08107,37.978447,23.735595,27.6252,0.1397,0.1057,530
663, Car,190.03,8.615853,37.980052,23.736923,15.9511,-0.3681,-0.0269,530
664, Car,428.17,18.134196,37.980449,23.735178,46.0023,-0.0887,0.1297,530.2
665, Taxi,159.64,11.923685,37.980486,23.735231,24.6048,2.2406,0,530.8
666, Car,314.71,15.310301,37.978445,23.735598,22.1666,-0.2341,-0.0002,532.2
667, Taxi,206.51,12.558008,37.980443,23.735162,18.0139,0.5799,-0.0269,533.4
668, Taxi,316.73,17.276026,37.978452,23.735603,25.4245,-0.0925,0.0267,534.8
669, Car,193.77,9.529822,37.980064,23.736939,22.1994,0.1035,0.0001,536
670, Motorcycle,303.67,17.689538,37.978466,23.735646,28.0696,0.2264,0.0417,537
671, Car,309.86,12.647228,37.978445,23.735595,26.3996,0.081,0.0125,537.6
672, Motorcycle,199.25,20.494438,37.978461,23.735634,24.0312,0.0942,0.033,539.8
673, Taxi,312.38,12.750284,37.978448,23.735592,21.6447,-0.0736,-0.0032,541
674, Car,312.4,9.340867,37.978447,23.735598,20.6468,-0.0816,-0.0491,543.6
675, Medium Vehicle,318.05,17.669497,37.978447,23.735591,16.8508,-0.2601,0.0562,545.8
676, Car,253.35,10.936014,37.980055,23.736929,24.7645,-0.201,-0.0236,548.6
677, Taxi,312.64,7.65637,37.978443,23.735594,18.628,-0.1314,0.0866,548.8
678, Motorcycle,45.92,14.759112,37.978471,23.735654,19.7427,0.2009,0.0223,551
679, Car,29.94,17.961167,37.980062,23.736933,23.2088,-0.1014,-0.157,551.2
680, Taxi,310.63,8.033617,37.978444,23.735595,17.4639,-0.2015,-0.0235,552.4
681, Car,159.31,10.581706,37.978449,23.735594,23.5625,0.2772,-0.0198,555.2
682, Car,213.39,11.534464,37.978447,23.735598,26.0213,-0.2379,0.1517,556.8
683, Motorcycle,85.07,19.885327,37.98043,23.735144,22.6685,0.083,-0.0154,557
684, Motorcycle,304.37,17.787706,37.978454,23.735639,17.7225,-0.2878,0.0498,558
685, Taxi,513.73,16.366462,37.980461,23.735189,19.4377,-0.2328,-0.0731,558.6
686, Motorcycle,430.42,26.715786,37.980465,23.735215,32.7289,-0.1815,0.0367,559
687, Motorcycle,194.24,13.144241,37.978463,23.735649,19.8197,0.0219,0.0187,559.6
688, Taxi,428.43,23.94966,37.980477,23.735238,25.4515,0.0457,-0.0263,561.4
689, Medium Vehicle,429.52,11.076389,37.980458,23.735186,29.0469,-0.0672,-0.0483,561.4
690, Medium Vehicle,189.73,10.380225,37.978534,23.735809,0.0011,0.0016,0,561.4
691, Car,427.4,10.069661,37.980475,23.735208,37.6906,-0.1999,-0.0601,561.8
692, Car,307.3,5.131095,37.978452,23.735669,0.0007,-0.0001,0,562
693, Motorcycle,429.78,28.651996,37.980462,23.735211,37.767,-0.2066,0.0015,563.8
694, Motorcycle,206.42,21.856562,37.980438,23.735158,25.8236,-0.0376,0.0352,563.8
695, Motorcycle,428.26,37.973992,37.980455,23.735198,63.7082,-0.3679,-0.346,564.2
696, Car,216.03,11.819029,37.978453,23.735599,25.048,0.2606,-0.0449,564.2
697, Motorcycle,431.28,24.489302,37.980476,23.735204,33.4466,-0.1132,0.0835,565
698, Car,427.78,18.333373,37.980491,23.735243,30.7975,-0.0422,-0.1576,565
699, Car,205.46,19.990887,37.980438,23.735173,25.8845,-0.1239,-0.0103,566
700, Motorcycle,251.2,39.663869,37.980476,23.735216,50.7037,-0.0614,-0.06,567
701, Car,430.57,7.844345,37.980457,23.735193,32.5672,-0.0198,0.0926,567
702, Car,429.67,14.901866,37.98049,23.735236,32.1299,-0.0799,-0.0178,567.4
703, Taxi,206,20.043196,37.980442,23.735159,25.4463,-0.0797,0.0091,567.6
704, Car,75.96,7.512927,37.97763,23.737397,8.9698,0.7953,0,568.6
705, Car,428.14,12.350276,37.980477,23.735207,33.885,-0.0792,0.0176,569
706, Car,433.72,7.646425,37.980455,23.735175,30.2249,0.0258,0.0332,569.2
707, Taxi,203.53,13.419884,37.978452,23.735598,21.0804,0.0587,0.0157,569.2
708, Car,514.77,18.60616,37.980493,23.735234,35.2847,-0.1907,0.0791,570
709, Motorcycle,196.21,16.275389,37.978451,23.735626,18.7211,-0.0162,0.0128,570.4
710, Taxi,305.87,3.137121,37.980447,23.73516,32.8301,-0.1431,0.0237,571.6
711, Car,427.5,17.568529,37.980483,23.735246,38.0689,0.1598,0.0413,572
712, Car,426.37,13.803475,37.980469,23.735219,36.6058,0.0956,-0.0104,572.4
713, Motorcycle,248.29,44.691521,37.980464,23.735196,43.2606,-0.5958,-0.2682,572.8
714, Taxi,431.62,7.49193,37.98046,23.735182,30.7819,-0.0881,-0.0717,572.8
715, Car,174.73,21.251343,37.980492,23.735239,31.8568,0.5363,0.0653,573.4
716, Car,424.69,12.552551,37.980469,23.735221,36.5375,0.0938,-0.0444,573.6
717, Car,432.48,7.330107,37.980452,23.73517,34.9181,-0.0614,-0.0192,574.2
718, Taxi,428.54,13.974278,37.98048,23.735219,36.8352,0.0083,-0.0181,575.4
719, Car,425.62,12.621252,37.980448,23.735196,31.6994,-0.0125,0.0564,575.4
720, Motorcycle,431.45,33.047524,37.980469,23.735202,36.8153,-0.441,0.0333,576
721, Motorcycle,92.99,8.369249,37.980487,23.735241,30.4501,1.0762,0.0187,576.6
722, Taxi,430.51,7.044698,37.980446,23.735161,14.5974,0.6411,0,576.8
723, Car,206.77,13.784445,37.98046,23.735189,20.2341,0.7437,-0.0104,578.4
724, Car,314.58,10.603925,37.978444,23.735595,25.7183,0.0564,-0.0755,588.6
725, Motorcycle,72.72,37.397244,37.980258,23.735467,23.0876,-0.8792,0.1028,589.8
726, Car,71.47,10.99523,37.977634,23.737397,6.6058,-0.1368,-0.0599,590.8
727, Car,18.37,16.528961,37.978348,23.737787,16.6959,0,0,593
728, Car,159.63,16.052102,37.978345,23.737775,16.5339,-0.1921,-0.0185,597
729, Car,274.77,9.603526,37.978442,23.7356,24.4274,-0.0059,0.0059,597.6
730, Car,126.98,14.842335,37.978335,23.737776,12.1591,-0.2453,0.0076,599.4
731, Motorcycle,72.39,24.131403,37.980261,23.735469,22.3259,0.3561,-0.0633,602.2
732, Motorcycle,428.69,36.744688,37.980466,23.735209,22.1646,-0.311,-0.0076,603.4
733, Motorcycle,40.94,18.895254,37.978447,23.735611,31.4986,0.0094,-0.0664,603.6
734, Car,431.22,8.400462,37.980475,23.735223,23.0268,-0.4595,-0.0254,605
735, Taxi,427.63,16.733354,37.980489,23.735243,32.0216,-0.2635,0.0195,605.6
736, Taxi,429.16,13.227385,37.980442,23.735166,15.3981,-0.0946,-0.0242,606
737, Car,428.92,15.918856,37.980458,23.735188,20.1899,0.1002,-0.0071,606.6
738, Motorcycle,173.04,13.721378,37.980486,23.735244,32.5863,1.0159,-0.0478,606.8
739, Motorcycle,145.78,14.107729,37.978263,23.737087,7.8325,-0.0831,-0.1059,607.2
740, Motorcycle,386.52,24.936467,37.980422,23.735153,34.6915,0.11,-0.0786,607.2
741, Taxi,205.04,24.604506,37.98044,23.735163,14.7102,-0.3228,0.0292,608.4
742, Bus,426.48,14.268968,37.980471,23.735221,22.675,0.0407,-0.0268,608.8
743, Car,429.97,6.564479,37.980454,23.73519,18.9318,-0.2872,0.0159,609.6
744, Motorcycle,429.81,16.782263,37.980487,23.735248,32.608,0.1003,-0.0225,610.6
745, Motorcycle,196.65,14.7491,37.978468,23.735643,31.1248,0.2097,0.0281,611
746, Motorcycle,428.61,20.464263,37.980479,23.735239,27.9311,0.122,-0.0295,611
747, Car,427.53,14.971762,37.980455,23.735194,21.719,-0.2301,0.0336,611.2
748, Taxi,69.7,9.650639,37.977635,23.737397,10.0986,0.8953,0,611.8
749, Car,428.59,16.734417,37.980489,23.735247,28.2547,-0.0299,-0.0679,612.4
750, Car,208.65,22.48955,37.980435,23.735164,22.9213,-0.1081,-0.0054,613.2
751, Car,285.12,9.628858,37.978443,23.735602,27.4581,-0.0441,0.0392,613.2
752, Car,429.82,13.478534,37.980467,23.735218,30.9367,0.1799,-0.0077,614.2
753, Taxi,415.67,11.764291,37.980436,23.735162,22.0067,-0.1387,-0.0468,615.2
754, Motorcycle,301.95,14.729099,37.978474,23.735641,27.7696,0.0089,-0.0089,615.2
755, Taxi,505.99,16.120074,37.980485,23.735241,30.6261,-0.1287,0.0562,615.8
756, Car,427.09,16.049444,37.980462,23.73522,30.926,-0.0276,-0.0888,616.2
757, Taxi,207.77,7.663828,37.980437,23.735173,23.3006,0.0193,0.0446,617
758, Motorcycle,304.57,13.705442,37.978475,23.735636,30.4505,0.1668,-0.0189,617
759, Motorcycle,190.85,16.9228,37.978482,23.735685,26.3917,0.143,-0.0029,617.4
760, Car,430.8,6.69641,37.980464,23.735223,34.9968,0.1281,-0.0486,617.8
761, Car,276.08,10.756515,37.978445,23.7356,24.8243,-0.1088,-0.0334,618.6
762, Motorcycle,427.45,19.429563,37.980449,23.735196,32.102,-0.6254,0.0267,619.2
763, Car,428.07,10.301035,37.98046,23.735222,38.6253,0.1373,-0.0032,619.4
764, Motorcycle,427.25,19.518873,37.980482,23.735241,44.4921,0.2178,-0.0024,619.8
765, Motorcycle,425.53,25.447253,37.980446,23.735201,71.153,0.7669,0.0021,620.2
766, Car,204.93,12.504071,37.980431,23.735169,12.4007,1.0288,0,620.6
767, Motorcycle,33.67,15.94835,37.978459,23.735641,26.2132,0.5665,-0.026,620.8
768, Car,430.42,10.16732,37.980465,23.735224,19.2346,0.5747,0.0025,622
769, Taxi,204.41,18.125108,37.978443,23.735598,23.8935,0.0712,-0.0411,622.4
770, Car,195.69,23.022373,37.980074,23.736953,21.2445,0.021,0.0278,622.6
771, Taxi,206.13,18.277821,37.978443,23.735596,22.921,-0.0003,-0.0074,625
772, Motorcycle,304.11,15.595438,37.978447,23.735636,27.9694,0.6642,-0.0188,626.2
773, Motorcycle,301.67,15.041651,37.978467,23.735641,23.817,0.0466,-0.0369,627.6
774, Car,213.16,19.378482,37.978452,23.735599,27.3481,0.2169,0.0284,628
775, Motorcycle,304.71,12.550895,37.978438,23.735618,29.1103,0.3278,0.0077,628.6
776, Car,161.78,7.102496,37.978342,23.73778,8.1105,-0.0964,-0.0056,629.6
777, Motorcycle,272.74,12.685581,37.978469,23.735638,28.5213,0.3985,-0.0116,630.4
778, Car,316,11.26334,37.978452,23.735603,26.246,0.1699,-0.0402,631.6
779, Car,131.21,4.640103,37.978341,23.737793,6.5606,0.0474,0.0009,632.2
780, Car,277.16,7.479654,37.978443,23.7356,21.4396,0.1597,0.0406,633.4
781, Car,312.46,13.618064,37.978446,23.735598,20.5722,0.1316,-0.117,635.2
782, Car,314.62,8.010061,37.978443,23.735602,21.8848,0.0552,-0.1412,638
783, Car,60.11,4.129769,37.977623,23.737406,7.1037,-0.0138,0.1067,638
784, Medium Vehicle,209.56,10.363043,37.978444,23.735598,22.519,0.0192,0.0125,641.4
785, Motorcycle,278.34,11.108856,37.97846,23.73564,20.9001,-0.1328,0.0392,643.8
786, Taxi,316.68,11.585941,37.978449,23.735596,22.031,-0.0275,-0.0533,644.6
787, Motorcycle,425.03,28.7615,37.980434,23.735194,12.0823,-0.9678,-0.0008,646.2
788, Motorcycle,79.37,15.873467,37.980421,23.735149,20.0049,0.3398,0.0439,647
789, Taxi,427.84,21.332928,37.980453,23.735193,14.7349,0.3044,-0.0269,647.4
790, Taxi,61.87,4.583266,37.977625,23.737408,11.3804,0.0709,0.2656,647.6
791, Motorcycle,196.2,11.465998,37.978463,23.735649,23.9045,-0.1136,-0.0058,648.4
792, Taxi,319.92,5.307411,37.978444,23.735599,19.0564,-0.1126,-0.1066,648.8
793, Motorcycle,82.41,23.926785,37.980426,23.735147,21.1169,0.3022,-0.0801,648.8
794, Car,429.18,20.822556,37.980488,23.735251,31.6621,-0.0125,0.0139,650
795, Motorcycle,343.09,25.206938,37.980459,23.735216,26.801,-0.296,-0.0016,650
796, Motorcycle,427.34,18.35847,37.980448,23.735201,16.4217,-0.4386,-0.0033,650.4
797, Motorcycle,207.26,23.611794,37.980451,23.735177,28.8481,0.0845,-0.0863,650.8
798, Car,155.62,16.976383,37.980487,23.735245,27.4616,0.2049,0.0235,652.4
799, Taxi,512.37,13.868764,37.980437,23.735163,19.3797,-0.0241,-0.0256,652.4
800, Taxi,429.95,19.251615,37.980459,23.735219,23.2217,-0.2903,-0.0179,652.8
801, Car,205.88,24.064043,37.98045,23.735188,27.0097,-0.1224,-0.0003,653
802, Car,151.73,9.754031,37.978443,23.7356,17.0221,-0.0628,0.0155,653.4
803, Medium Vehicle,88.58,13.864286,37.978469,23.737064,3.4171,-0.2424,-0.0053,654.4
804, Taxi,428.62,7.418338,37.980435,23.735165,23.4167,0.1851,-0.0018,654.8
805, Car,342.37,20.819665,37.980483,23.735242,30.7795,0.4216,0.0027,654.8
806, Motorcycle,427.79,26.736854,37.980448,23.735175,57.9332,0.0604,0.0606,657.4
807, Car,499.96,10.379692,37.980417,23.735129,8.5775,0.7342,0,657.4
808, Bus,430.04,16.938298,37.980484,23.73524,28.1261,-0.0181,0.2848,658
809, Car,431.42,7.431219,37.980452,23.735195,39.1598,0.0666,-0.1013,658.4
810, Taxi,430.43,12.977736,37.980445,23.735194,38.7564,0.0579,-0.0709,660
811, Taxi,399.74,19.13652,37.980471,23.735219,37.0388,0.0362,-0.0254,660.2
812, Car,164.25,7.35459,37.978345,23.737775,24.143,1.114,0,660.4
813, Car,432.11,13.597997,37.980467,23.735215,42.4717,0.2596,0.0122,662.4
814, Car,34.39,8.719661,37.980057,23.736944,15.4225,0.0637,-0.0853,663.6
815, Car,429.93,13.206088,37.980454,23.735189,40.3572,0.2369,-0.0378,663.8
816, Car,428.93,13.961467,37.980486,23.735245,33.1394,0.1932,-0.0472,664
817, Motorcycle,429.22,14.360409,37.980428,23.735167,37.5817,0.1575,-0.0225,664.6
818, Motorcycle,73.01,8.939869,37.97763,23.737401,4.5688,0.4051,0,666.4
819, Car,283.07,13.845919,37.978449,23.735603,25.2657,0.1635,0.047,668.2
820, Motorcycle,62.34,7.431463,37.977616,23.737407,9.4289,0.296,0.0604,669.4
821, Car,205.57,13.910509,37.980442,23.735169,7.4876,0.7024,0,669.8
822, Car,163.23,6.083259,37.978334,23.737767,25.5847,1.4374,0,670.6
823, Car,223.64,9.890773,37.97845,23.735604,16.7062,0.0269,0.034,674.2
824, Car,206.26,9.44694,37.978452,23.735604,17.3059,0.1525,-0.016,677.2
825, Car,203.19,9.49977,37.978448,23.735606,16.0172,-0.0794,0.069,679.8
826, Motorcycle,191.42,16.485693,37.978455,23.735652,21.3207,0.6138,-0.0171,682.4
827, Taxi,207.15,9.028503,37.978457,23.735603,19.6297,0.0809,-0.0392,684
828, Taxi,166.87,6.257783,37.978345,23.737783,16.9346,-0.6219,0.0408,688.4
829, Car,204.72,6.836544,37.978452,23.735599,25.9304,0.0993,0.0099,689
830, Car,34.43,8.853148,37.977636,23.737396,12.0961,0.1189,0.3046,690.8
831, Car,219.84,7.194611,37.978444,23.735598,27.5454,0.008,-0.0366,691.6
832, Car,169.14,6.46405,37.980371,23.73507,9.9335,0.0519,-0.0443,692
833, Motorcycle,428.76,37.647545,37.980449,23.735188,30.8203,-0.3765,0.0441,693.2
834, Motorcycle,278.84,31.567303,37.980467,23.735209,26.531,-0.4018,0.0363,693.4
835, Car,163.03,18.810759,37.980489,23.735244,23.4747,0.2662,-0.0208,693.8
836, Car,431.11,8.929804,37.980462,23.735195,37.2771,0.3108,-0.0066,695.4
837, Taxi,212.03,6.990063,37.978445,23.7356,19.4063,-0.1072,0.0689,695.4
838, Taxi,205.58,25.520686,37.980444,23.735168,12.6217,-0.3746,-0.0022,695.8
839, Motorcycle,61.49,22.138125,37.977627,23.737402,11.2244,-0.0901,0.1681,696
840, Taxi,145.76,19.012522,37.980489,23.735243,23.4666,0.0649,-0.0033,696.8
841, Bus,429.45,16.951818,37.98047,23.735223,21.0156,-0.2225,-0.063,697.2
842, Car,314.45,13.704684,37.978447,23.735601,38.2868,0.251,-0.091,699.6
843, Bus,429.07,15.697721,37.980454,23.735185,26.4308,-0.2308,-0.0225,699.6
844, Car,161.09,18.3522,37.980487,23.735245,22.2824,0.2084,0.0242,700
845, Taxi,431.57,9.064452,37.980438,23.735163,41.845,-0.0077,-0.0669,700.6
846, Motorcycle,194.03,19.620905,37.980061,23.736937,32.7042,0.139,-0.0252,701
847, Motorcycle,198.28,12.931534,37.97846,23.735627,34.0683,0.3502,-0.0325,701.4
848, Car,28.52,16.044802,37.980475,23.73524,20.1945,0.3091,-0.0242,701.4
849, Car,97.66,4.802974,37.977919,23.737201,4.0059,-0.259,0.0579,701.6
850, Car,429.63,19.094586,37.980467,23.73522,30.8413,-0.3317,-0.046,702.2
851, Car,311.07,7.919734,37.978442,23.7356,32.9228,0.0944,0.1074,704
852, Taxi,430.13,13.488249,37.98044,23.735183,35.6389,0.1059,0.0014,704
853, Car,153.25,17.240519,37.980479,23.735251,20.6268,0.2946,0.0213,704.6
854, Motorcycle,204.36,27.657293,37.980434,23.735178,36.8299,0.287,0.0114,705
855, Motorcycle,330.96,24.216261,37.980449,23.735192,43.9508,0.2382,0.0172,705.4
856, Taxi,431.28,13.047025,37.980428,23.735146,25.9617,-0.1082,0.0439,705.8
857, Car,313.93,14.677213,37.978449,23.735602,28.7482,0.108,-0.0026,706.4
858, Taxi,431.12,21.859514,37.980469,23.735219,48.9185,-0.2324,-0.0621,706.4
859, Car,135.86,12.288648,37.98048,23.73525,24.3625,0.475,-0.0008,707.2
860, Car,193.23,20.104383,37.980059,23.73694,14.9,-0.182,-0.0227,707.6
861, Taxi,519.11,14.179118,37.980435,23.735168,29.9419,0.0699,-0.014,708.2
862, Car,68.57,7.714379,37.97763,23.737399,7.3496,0.1317,0.2625,708.6
863, Car,429.73,9.175724,37.980447,23.73519,22.8463,0.8596,0.0026,709.2
864, Motorcycle,203.18,29.025806,37.980422,23.735157,32.6194,0.071,0.0147,709.6
865, Car,163.2,7.147659,37.978332,23.73777,16.4215,0.581,0,710.6
866, Medium Vehicle,315.44,14.484556,37.978446,23.735599,20.7053,0.1236,-0.078,713
867, Car,316.37,7.463493,37.978445,23.735603,22.5081,0.1958,-0.08,716
868, Car,65.47,3.246618,37.977629,23.737407,8.7453,0.4282,0.0003,716.6
869, Car,165.67,7.626637,37.978348,23.73779,21.6206,-0.0309,0.0178,717.4
870, Motorcycle,150.32,14.94871,37.978454,23.735621,17.5819,0.0505,0.0016,717.8
871, Medium Vehicle,219.09,6.259757,37.978453,23.735602,16.3636,-0.1353,-0.0057,719.8
872, Motorcycle,303.28,17.385271,37.97845,23.735631,22.1281,0.4104,-0.0391,722.2
873, Medium Vehicle,312.86,7.73546,37.978443,23.7356,15.0857,-0.0389,-0.0757,725
874, Car,315.51,7.081182,37.978443,23.735602,14.3185,0.1439,-0.0173,728
875, Car,62.7,3.676121,37.977624,23.737406,6.9803,0.4825,0,730.6
876, Taxi,311.89,7.097358,37.978446,23.735599,10.5978,-0.1351,-0.0456,731.4
877, Car,282.92,7.264757,37.978444,23.735598,10.8905,-0.0721,0.0032,734
878, Motorcycle,171.59,11.110275,37.978452,23.735645,24.9406,0.4676,-0.0332,735
879, Motorcycle,430.65,34.451647,37.980453,23.73522,27.77,0.9241,-0.009,736
880, Taxi,320.03,8.662334,37.978445,23.7356,10.9356,-0.1429,0.0393,736.8
881, Taxi,501.41,17.061102,37.980434,23.735167,23.1538,0.0852,-0.0686,737.6
882, Motorcycle,215.2,7.550726,37.978434,23.735606,23.6462,0.0263,-0.12,737.6
883, Motorcycle,429.69,31.313144,37.980459,23.735212,24.3953,-0.4734,0.0511,738.4
884, Motorcycle,282.7,36.347052,37.980482,23.735248,54.3344,-0.5514,0.0184,739.8
885, Motorcycle,273.61,12.374508,37.978452,23.735633,18.3254,0.2874,0.0007,740
886, Motorcycle,218.75,32.811962,37.980458,23.73522,29.4026,-0.393,0.0117,740.2
887, Motorcycle,291.44,25.100225,37.980441,23.735187,38.2526,0.018,-0.0647,740.4
888, Motorcycle,33.62,18.335782,37.98006,23.736937,22.7803,0.4389,0.0249,740.6
889, Motorcycle,74.31,10.057322,37.977632,23.737397,15.1897,-0.1727,0.981,741
890, Bus,208.67,20.63762,37.980438,23.73517,21.4079,-0.1967,0.0654,742
891, Medium Vehicle,343.21,11.744704,37.98047,23.735228,33.2489,-0.0067,-0.0741,742
892, Motorcycle,113.44,15.352853,37.977961,23.737124,7.2602,0.1827,-0.0174,742.4
893, Medium Vehicle,429.66,11.356533,37.980452,23.735208,38.7868,-0.0318,0.0729,744
894, Motorcycle,160.46,24.068576,37.980472,23.73526,36.4629,0.866,0.0519,745.2
895, Car,348.1,23.555811,37.980454,23.735234,37.5715,0.0354,0.0052,745.8
896, Taxi,429.67,11.241382,37.980431,23.73517,25.7274,-0.0463,-0.0008,746
897, Car,426.6,31.862501,37.980452,23.735203,34.475,0.0645,-0.0059,746.6
898, Taxi,81.97,12.719397,37.980425,23.735157,18.9657,0.1131,-0.1,747.6
899, Car,428.55,34.284352,37.980461,23.735229,44.3949,0.0249,0.0156,747.6
900, Car,428.82,33.27028,37.980463,23.73522,57.7187,0.0455,-0.0208,750.2
901, Taxi,429.46,13.903232,37.980438,23.735181,42.472,0.0065,0.0132,750.4
902, Taxi,430.58,11.04056,37.980452,23.735196,34.8365,0.0503,0.0144,751.4
903, Car,165.82,5.310941,37.97834,23.737775,27.2992,-0.025,0.0863,753.2
904, Heavy Vehicle,213.18,5.374191,37.978448,23.735599,16.2248,-0.0459,-0.0338,753.6
905, Taxi,432.07,13.502072,37.980448,23.735184,47.3639,0.1543,-0.0543,753.8
906, Car,431.05,20.311033,37.980482,23.735239,47.0934,0.1117,0.0031,754
907, Taxi,412.5,15.122132,37.980465,23.735218,49.6688,0.0697,-0.0429,754.8
908, Motorcycle,204.65,23.313993,37.980427,23.735183,38.9434,0.0845,0.0279,755
909, Car,430.46,13.267714,37.980461,23.735205,49.8807,-0.0116,0.0336,755.8
910, Taxi,205.23,13.939895,37.980437,23.735172,22.4672,0.8774,-0.0162,756
911, Car,121.6,18.706982,37.979806,23.735659,19.6187,-0.2993,-0.0058,758
912, Car,316.36,9.140518,37.978446,23.735595,18.6364,0.1535,-0.042,758.2
913, Motorcycle,151.57,14.284437,37.978447,23.735647,25.5269,0.5045,-0.0329,759.2
914, Taxi,314.84,9.199828,37.978447,23.735596,18.9714,0.0814,0.0256,761.4
915, Medium Vehicle,317.4,9.274751,37.978437,23.735598,9.8184,-0.052,0.0819,765.4
916, Motorcycle,31.32,10.842577,37.977637,23.737397,8.269,-0.3227,1.12,768.4
917, Car,178.6,4.246739,37.978433,23.735607,15.4259,0.0427,0.0986,771.2
918, Car,40.6,14.33035,37.977499,23.737547,0.0061,0.0036,0,771.4
919, Motorcycle,307.48,11.928054,37.978463,23.735619,19.325,0.3751,-0.0062,773.4
920, Car,206.16,5.956611,37.978448,23.735594,15.4192,0.1089,0.017,774.2
921, Car,161.31,7.681266,37.978445,23.735601,10.4707,0.1412,0.1058,778.8
922, Motorcycle,429.95,41.165194,37.980463,23.735229,25.4514,-0.7026,0.0325,782
923, Taxi,164.64,6.442505,37.978329,23.737761,13.118,0.046,-0.0015,782.6
924, Car,81.61,14.83778,37.977799,23.737308,7.3052,0.1206,0.0079,782.6
925, Motorcycle,428.01,35.503189,37.980451,23.735206,25.9507,0.0126,-0.0659,782.8
927, Motorcycle,111.67,21.614276,37.978093,23.737314,8.6302,-0.3009,-0.1237,786
928, Car,14.45,10.834624,37.978354,23.737779,10.9393,0.0014,-0.0904,786.4
929, Motorcycle,155.28,6.454996,37.980432,23.735179,22.4499,-0.1901,0.0144,786.4
930, Medium Vehicle,433.47,16.460835,37.98037,23.735064,11.0063,0.3722,0.0003,787
931, Motorcycle,319.85,21.482441,37.980455,23.735239,51.1476,0.1452,0.0136,787.6
932, Taxi,428.66,26.884909,37.980454,23.735203,55.2052,0.0198,0.0007,787.6
933, Car,207.02,6.618725,37.978446,23.735596,6.9629,-0.0951,0.0972,789.4
934, Motorcycle,427.98,34.238544,37.98046,23.735211,43.4244,-0.203,0.0375,790
935, Motorcycle,430.11,37.582148,37.980463,23.735219,48.0731,-0.0199,-0.0182,791
936, Motorcycle,429.02,35.587034,37.980464,23.735214,56.4463,0.0894,-0.0204,791.8
937, Car,430.17,22.443845,37.980483,23.735239,45.7119,-0.0354,-0.1227,791.8
938, Taxi,192.2,5.338972,37.980445,23.735177,43.2623,0.0717,-0.023,792.6
939, Taxi,430.24,18.934754,37.980469,23.735208,49.4238,-0.1186,-0.0215,793
940, Taxi,196.03,5.479226,37.978447,23.735603,11.4285,0.0024,0.0935,793.8
941, Motorcycle,218.39,33.313307,37.980473,23.735211,46.1924,-0.1327,-0.0526,793.8
942, Bus,428.99,14.22062,37.980427,23.735156,33.4039,-0.076,-0.0859,794.4
943, Motorcycle,429.21,23.200749,37.980442,23.735186,43.1044,0.1268,0.068,794.6
944, Car,206.99,33.565915,37.980455,23.735191,54.9687,0.2548,-0.0505,795.8
945, Car,208.79,29.361602,37.980447,23.735162,32.973,-0.1842,-0.0626,796.2
946, Car,167.73,4.792326,37.978445,23.7356,11.692,-0.05,0.0477,796.6
947, Car,430.34,18.620426,37.980469,23.735226,43.5389,0.1042,-0.0468,797
948, Taxi,441.53,12.715934,37.980454,23.735172,31.0893,-0.5473,-0.0826,797.6
949, Car,429.67,16.213812,37.980474,23.735217,40.85,-0.1592,-0.0989,798.2
950, Motorcycle,429.47,25.180514,37.980458,23.735205,56.6233,0.4389,-0.046,799.4
951, Taxi,429.76,21.078083,37.980458,23.735179,40.0787,-0.118,0.0114,800
952, Car,68.14,19.783101,37.977629,23.737402,7.4173,0.0279,0.1219,800.6
953, Car,429.91,17.273335,37.98047,23.735215,26.9532,1.1595,-0.0136,801.4
954, Motorcycle,55.73,18.925596,37.980061,23.736933,31.4142,0.3495,-0.0304,801.4
955, Car,305.82,9.282847,37.978444,23.735601,10.9691,0.1173,-0.0038,804
956, Car,161.17,5.001958,37.978453,23.735595,8.6907,0.2076,-0.0161,806.6
957, Car,95.27,9.122002,37.978968,23.736627,0.0005,0.0004,0,808
958, Car,313.76,10.477986,37.978433,23.735607,6.9524,0.0902,0.0094,809.6
959, Motorcycle,105.74,18.844255,37.977965,23.737125,8.5332,-0.1736,0.1106,810.2
960, Car,32.83,1.918561,37.977629,23.737401,7.1703,0.3511,0.0003,812.2
961, Car,288.16,9.465066,37.978442,23.735603,5.6177,-0.153,0.014,813
962, Motorcycle,128.06,16.70378,37.978479,23.735641,15.2541,0.4018,0.0005,814.6
963, Car,323.38,11.280569,37.978441,23.735602,9.0897,-0.007,0.0412,816.8
964, Medium Vehicle,116.73,4.071882,37.978447,23.735596,6.8204,-0.0303,0.2538,819.4
965, Motorcycle,150.37,8.99234,37.978445,23.735637,19.7917,0.5218,-0.0193,821.6
966, Car,307.1,11.468542,37.97844,23.735596,0,0,0,826.2
967, Motorcycle,363.28,14.929281,37.980061,23.736939,20.1814,-0.6292,-0.0553,826.4
968, Car,431.08,27.613666,37.980488,23.735241,24.3828,0.3563,0.0283,827.4
969, Motorcycle,430.38,40.559188,37.980451,23.735188,29.5471,-0.2258,-0.0703,827.6
970, Car,205.54,22.287525,37.980441,23.735163,20.5418,-0.1055,-0.0311,828
971, Car,294.66,11.260742,37.980475,23.735223,21.6517,-0.2046,0.0006,828.4
972, Motorcycle,429.56,31.431389,37.98046,23.735197,29.0568,-0.034,-0.0603,828.6
973, Car,163.46,16.166469,37.98049,23.735246,16.5944,0.0687,0.0376,830.2
974, Motorcycle,250.31,11.552988,37.978431,23.735609,18.7513,0.127,-0.0456,830.6
975, Motorcycle,500.6,21.102491,37.980463,23.735198,25.1412,-0.2402,-0.0238,830.8
976, Motorcycle,205.74,24.524929,37.980433,23.735151,32.1383,0.2474,-0.039,831
977, Car,31.09,12.437004,37.980059,23.736938,12.7261,-0.189,-0.0563,831.4
978, Car,431.71,25.148416,37.980447,23.735168,26.1906,-0.0334,-0.0398,831.4
979, Car,155.01,12.078357,37.980489,23.735242,17.5594,0.0748,0.0565,832.4
980, Motorcycle,431.14,31.67548,37.980453,23.735178,34.2644,-0.0262,-0.0474,832.8
981, Car,433.79,28.601494,37.980475,23.735211,29.2521,-0.0486,-0.0267,833.8
982, Taxi,421.19,17.075281,37.980438,23.735146,25.9195,0.0159,-0.0003,833.8
983, Taxi,433.67,29.68075,37.980461,23.735187,35.6407,0.0789,-0.0169,833.8
984, Motorcycle,212.51,24.057639,37.980449,23.735164,36.4697,-0.0057,0.0382,834.4
985, Motorcycle,431.54,40.247565,37.980452,23.735176,38.004,0.132,-0.0553,834.8
986, Car,434.32,18.569298,37.9805,23.735231,20.4832,0.2135,-0.0027,835
987, Car,68.05,5.777594,37.977634,23.737397,7.8591,0.1167,0.0078,835.2
988, Car,288.4,11.906391,37.980474,23.735206,32.7839,0.1177,-0.007,835.4
989, Taxi,208.03,24.474257,37.98044,23.735142,25.2892,-0.0318,-0.0007,835.4
990, Medium Vehicle,77.15,3.20718,37.980388,23.735063,20.0206,0.4704,0.0083,835.8
991, Car,78.2,18.768648,37.978088,23.737273,12.893,0.0287,-0.1367,836.2
992, Car,434.2,28.628476,37.980481,23.735212,26.466,-0.1753,-0.0232,837.2
993, Taxi,388.84,16.507156,37.980462,23.735166,32.8134,-0.0795,0.0174,837.6
994, Motorcycle,70.4,18.101791,37.978079,23.737286,11.6209,-0.2883,-0.156,838.2
995, Medium Vehicle,416.82,17.863735,37.980464,23.735182,32.7679,-0.103,0.0612,838.6
996, Car,431.44,21.875752,37.980486,23.735235,23.7332,-0.312,0.0403,839
997, Taxi,433.13,21.0144,37.980476,23.735212,31.9275,0.0473,0.0611,840.2
998, Taxi,409.16,17.919447,37.980451,23.735167,32.6048,-0.0092,0.083,840.4
999, Taxi,166.58,9.549372,37.978349,23.737788,20.8166,0.3314,0.0236,840.6
1000, Taxi,103.34,4.581479,37.978451,23.735596,8.1615,-0.2708,0.003,841.4
1001, Car,162.38,15.799373,37.980482,23.735242,28.4285,0.3847,-0.057,841.8
1002, Car,396.86,17.903544,37.980445,23.735174,31.1149,-0.1294,0.02,842.8
1003, Car,155.66,14.295482,37.980483,23.735231,26.1442,0.3722,0.008,843.8
1004, Car,399.92,18.270235,37.980463,23.735183,28.3639,-0.2937,0.0283,843.8
1005, Taxi,344.86,15.79501,37.980447,23.735152,30.2146,-0.1172,-0.0213,844
1006, Motorcycle,433.09,21.535101,37.980479,23.735208,40.7178,-0.0625,-0.1197,844
1007, Taxi,171.4,7.89053,37.978442,23.735597,13.2595,-0.1339,-0.0818,844.4
1008, Car,433.15,20.735804,37.980494,23.735231,28.7184,1.015,0.0082,845.6
1009, Taxi,253.72,11.893125,37.980448,23.735152,20.7564,0.5312,-0.0634,845.8
1010, Motorcycle,454.38,22.718772,37.979879,23.734803,19.3365,0.2458,-0.0061,846.6
1011, Car,387.46,18.353542,37.980474,23.735203,20.3463,0.5373,-0.0192,846.6
1012, Car,416.55,19.783159,37.980463,23.735176,17.2665,0.2585,-0.0088,846.8
1013, Motorcycle,153.9,7.347807,37.980491,23.735239,20.0628,0.3788,-0.1231,847.2
1014, Motorcycle,136.63,6.57599,37.978455,23.735651,15.4516,0.2969,0.0108,847.6
1015, Motorcycle,430.04,22.371956,37.980482,23.735224,19.6175,0.6057,0.0075,847.8
1016, Taxi,111.47,5.408228,37.978446,23.735597,14.6377,0.1355,-0.0094,848.4
1017, Taxi,35.48,2.864113,37.977631,23.737396,7.604,0.1789,0.1143,850.2
